psic_version,psic_level,psic_code,psic_name,io16_codes,io16_names,io16_confidence,io16_notes,io80_codes,io80_names,io80_confidence,io80_notes,io240_codes,io240_names,io240_confidence,io240_notes
2019 update to 2009 PSIC,section,A,"Agriculture, forestry and fishing",01,"Agriculture, forestry, and fishing",High,Derived as the union of division-level correspondences.,01; 02; 03; 04; 05; 06; 07; 08; 09; 10; 11; 12; 13; 14; 15; 16; 17; 18; 19; 20,"Palay | Corn | Coconut including copra | Sugarcane including muscovado sugar-making in the farm | Banana | Mango | Pineapple | Coffee | Cassava | Rubber | Cacao | Abaca | Tobacco | Other agricultural crops, n.e.c. | Livestock | Poultry and egg production | Other animal production | Forestry and logging | Fishing and aquaculture | Support activities to agriculture, forestry and fishing",High,Derived as the union of division-level correspondences.,001; 002; 003; 004; 005; 006; 007; 008; 009; 010; 011; 012; 013; 014; 015; 016; 017; 018; 019; 020; 021; 022; 023; 024; 025; 026; 027; 028; 029; 030; 031; 032; 033; 034; 035; 036; 037; 038,"Palay | Corn | Coconut including copra | Sugarcane including muscovado sugar-making in the farm | Banana | Mango | Pineapple | Coffee | Cassava | Rubber | Cacao | Abaca | Tobacco | Sweet potato | Citrus fruits | Papaya | Other fruits, n.e.c. | Leafy and stem vegetables | Fruit bearing vegetables | Onion | Horticultural specialties and nursery products | Other agricultural crops, n.e.c. | Hog farming | Cattle farming | Carabao farming | Goat farming | Dairy farming | Chicken | Egg production | Other poultry, livestock and animals, n.e.c. | Forestry and logging | Ocean fishing (including fish corals) | Inland and coastal fishing | Prawn culture and Operation of fish farms and nurseries | Pearl culture and pearl shell gathering | Seaweeds farming | Mollusks and other crustacean farm operations (except prawn farm operations) and other fishing activities, n.e.c | Support activities to agriculture, forestry and fishing",High,Derived as the union of division-level correspondences.
2019 update to 2009 PSIC,section,B,Mining and quarrying,02,Mining and quarrying,Medium-High,Derived as the union of division-level mappings; residual mining boundaries are not an official published PSIC↔I-O concordance.,21; 22; 23; 24; 25; 26,"Coal | Crude petroleum and natural gas | Gold and other precious metal ores | Nickel ores | Copper ores | Stone quarrying, and other mining and quarrying",Medium-High,Derived as the union of division-level mappings; residual mining boundaries are not an official published PSIC↔I-O concordance.,039; 040; 041; 042; 043; 044; 045,"Coal and ligmite | Crude petroleum and natural gas | Gold and other precious metal ores | Nickel ores | Copper ores | Quarrying of stone, clay, gravel and sand | Other mining and quarrying",Medium-High,Derived as the union of division-level mappings; residual mining boundaries are not an official published PSIC↔I-O concordance.
2019 update to 2009 PSIC,section,C,Manufacturing,03,Manufacturing,Medium-High,Derived as the union of manufacturing division mappings; PSIC Division 33 has no separately named I-O sector and is treated as a residual-manufacturing proxy.,27; 28; 29; 30; 31; 32; 33; 34; 35; 36; 37; 38; 39; 40; 41; 42; 43; 44; 45; 46; 47; 48,"Food products | Beverages | Tobacco products | Textiles | Wearing apparel | Leather and related products, including footwear | Wood, bamboo, cane, rattan articles and related products | Paper and paper products | Printing and reproduction of recorded media | Coke and refined petroleum products | Chemical and chemical products | Basic pharmaceutical products and pharmaceutical preparations | Rubber and plastic products | Other non-metallic mineral products | Basic metals | Fabricated metal products, except machinery and equipment | Computer, electronic and optical products | Electrical equipment | Machinery and equipment except electrical | Transport equipment | Furniture | Other manufacturing",Medium-High,Derived as the union of manufacturing division mappings; PSIC Division 33 has no separately named I-O sector and is treated as a residual-manufacturing proxy.,046; 047; 048; 049; 050; 051; 052; 053; 054; 055; 056; 057; 058; 059; 060; 061; 062; 063; 064; 065; 066; 067; 068; 069; 070; 071; 072; 073; 074; 075; 076; 077; 078; 079; 080; 081; 082; 083; 084; 085; 086; 087; 088; 089; 090; 091; 092; 093; 094; 095; 096; 097; 098; 099; 100; 101; 102; 103; 104; 105; 106; 107; 108; 109; 110; 111; 112; 113; 114; 115; 116; 117; 118; 119; 120; 121; 122; 123; 124; 125; 126; 127; 128; 129; 130; 131; 132; 133; 134; 135; 136; 137; 138; 139; 140; 141; 142; 143; 144; 145; 146; 147; 148; 149; 150; 151; 152; 153; 154; 155; 156; 157; 158; 159; 160; 161; 162; 163; 164; 165; 166; 167; 168; 169; 170; 171,"Slaughtering and meat packing | Production, processing and preserving of meat and meat products | Canning/packing of fish and other marine products | Other types of processing of fish and other marine products | Processing and preserving of fruits and vegetables | Virgin coconut oil, dessicated coconut, and nata de coco | Vegetable and animal oils and fats, n.e.c. | Milk and cream | Butter, cheese and curd | Ice cream and sherbet, ice drop, ice candy and other flavored ices | Other dairy products, n.e.c. | Rice/corn milling | Grain and vegetable mill products, except rice and corn | Starches and starch products | Bakery products | Sugar other sugarcane products | Cocoa, chocolate and sugar confectionery | Macaroni, noodles, couscous and similar farinaceous products | Prepared meals and dishes | Food supplements from herbs and other plants | Coffee roasting and processing | Food products, n.e.c. | Animal feeds | Alcoholic liquors and wine | Malt liquors and malt | Soft drinks | Drinks flavored with fruit juices, syrups or other materials | Drinking water and mineral water | Other beverages, n.e.c. | Cigarettes | Cigars and chewing and smoking tobacco, snuff | Tobacco leaf flue-curing and re-drying and other tobacco manufacturing, n.e.c. | Spinning, texturizing, weaving and finishing of textiles | Knitted and crocheted fabrics | Knitted or crocheted hosiery, underwear and outerwear  when knitted or crocheted directly into shape | Knitted and crocheted fabrics, n.e.c. | Made-up textile articles, except wearing apparel | Carpets and rugs | Cordage, rope, twine and netting | Embroidered fabrics | Other textiles, n.e.c. | Ready-made garments manufacturing (excluding embroidered garments) | Ready-made embroidered garments manufacturing | Custom tailoring and dressmaking | Other wearing apparel, n.e.c. | Tanning and dressing of leather | Products of leather and imitation leather | Shoes | Other footwear, n.e.c. | Sawmilling and planing of wood | Veneer sheets and plywoods | Laminboard, particle board and other panels and board | Builders' carpentry and joinery; millworking | Wood carvings | Products of bamboo, cane, rattan and the like, and plaiting materials except furniture | Other products of wood, except furniture, n.e.c. | Pulp,  paper and paperboard | Containers and boxes of paper and paperboard | Other articles of paper and paperboard | Printing, and service activities related to printing | Reproduction of recorded media | Refined petroleum products | Other petroleum products | Basic chemicals except fertilizers and nitrogen compounds | Fertilizers and nitrogen compounds | Plastics in primary forms and of synthetic rubber | Pesticides and other agro- chemical products | Paints, varnishes and similar coatings, printing ink and mastics | Soap and detergents, cleaning and polishing preparations, perfumes and toilet preparations | Other chemical products, n.e.c. | Basic pharmaceutical products and pharmaceutical preparations | Rubber products | Plastic products | Flat glass (including float glass) | Glass and glass products | Cement | Other non-metallic mineral products, n.e.c. | Basic iron and steel | Casting/foundry of iron and steel | Basic precious and non-ferrous metals | Non-ferrous metal casting | Structural metal products | Metal containers | Forging, pressing, stamping and roll-forming of metal; powder metallurgy | Cutlery, hand  tools and general hardware | Other fabricated metal products, n.e.c. | Electronic valves and tubes | Semi-conductor devices and other electronic components | Computers and peripheral equipment and accessories | Communication equipment | Consumer electronics | Measuring, testing, navigating and control equipment | Watches and clocks | Irradiation, electromedical and electrotherapeutic equipment | Optical instruments and photographic equipment | Magnetic and optical media | Electric motors, generators and transformers and electric generating sets | Batteries and accumulators | Wiring and wiring devices | Electric lighting equipment | Domestic appliances | Other electrical equipment | Engines and turbines, except  aircraft, vehicle and cycle engines | Pumps, compressors, taps and valves | Office machinery and equipment (except computers and peripheral equipment) | Other general  purpose machinery | Agricultural and forestry machinery | Machinery for mining, quarrying and construction | Other special  purpose machinery | Motor Vehicles, Trailers and Semi-Trailers | Building of ships and boats | Railway locomotive and rolling stock | Air and spacecraft and related machinery | Motorcyles | Bicycles and invalid carriages | Other transport equipment, n.e.c. | Wood and rattan furniture (reed, wicker, and cane) | Plastic furniture | Furniture and fixtures of metal | Other furniture and fixtures,n.e.c. | Jewelry, bijouterie and related articles | Musical instruments | Sports goods | Games and toys | Medical and dental instruments and supplies | Other manufacturing, n.e.c.",Medium-High,Derived as the union of manufacturing division mappings; PSIC Division 33 has no separately named I-O sector and is treated as a residual-manufacturing proxy.
2019 update to 2009 PSIC,section,D,"Electricity, gas, steam and air conditioning supply",04,"Electricity, steam, water and waste management",High,Derived as the union of division-level correspondences.,49; 50,Electricity | Steam,High,Derived as the union of division-level correspondences.,172; 173,"Electric power generation, transmission and distribution | Steam and hot water supply; and manufacture and distribution of gas",High,Derived as the union of division-level correspondences.
2019 update to 2009 PSIC,section,E,"Water supply; sewerage, waste management and remediation activities",04,"Electricity, steam, water and waste management",High,Derived as the union of division-level correspondences.,51; 52,"Water supply | Sewerage, and waste management and remediation activities",High,Derived as the union of division-level correspondences.,174; 175,"Water collection, treatment and supply | Sewerage, and waste management and remediation activities",High,Derived as the union of division-level correspondences.
2019 update to 2009 PSIC,section,F,Construction,05,Construction,High,Derived as the union of division-level correspondences.,53,Construction,High,Derived as the union of division-level correspondences.,176,Construction,High,Derived as the union of division-level correspondences.
2019 update to 2009 PSIC,section,G,Wholesale and retail trade; repair of motor vehicles and motorcycles,06,Wholesale and retail trade; repair of motor vehicles and motorcycles,High,Derived as the union of division-level correspondences.,54; 55; 56,"Wholesale trade, except of motor vehicles and motorcycles | Retail trade, except of motor vehicles and motorcycles | Sale and repair of motor vehicles and motorcycles",High,Derived as the union of division-level correspondences.,177; 178; 179,"Wholesale trade, except of motor vehicles and motorcycles | Retail trade, except of motor vehicles and motorcycles | Sale and repair of motor vehicles and motorcycles",High,Derived as the union of division-level correspondences.
2019 update to 2009 PSIC,section,H,Transportation and storage,07,Transportation and storage,High,Derived as the union of division-level correspondences.,57; 58; 59; 60; 61,"Land transport | Water transport | Air transport | Warehousing and storage, and support activities for transportation | Postal and courier activities",High,Derived as the union of division-level correspondences.,180; 181; 182; 183; 184; 185; 186; 187; 188; 189; 190,Railway transport | Bus line operation | Tourist buses and cars including chartered and rent-a-car | Public utility cars and taxicab operation | Jeepney and other land transport services | Road freight transport | Water transport | Air transport | Warehousing and storage | Support activities for transportation | Postal and courier activities,High,Derived as the union of division-level correspondences.
2019 update to 2009 PSIC,section,I,Accommodation and food service activities,08,Accommodation and food service activities,High,Derived as the union of division-level correspondences.,62; 63,Accommodation | Food and beverage service activities,High,Derived as the union of division-level correspondences.,191; 192; 193,Short term acommodation activities | Other accommodation | Food and beverage service activities,High,Derived as the union of division-level correspondences.
2019 update to 2009 PSIC,section,J,Information and communication,09,Information and communication,High,Derived as the union of division-level correspondences.,64; 65,Information and publishing | Communication,High,Derived as the union of division-level correspondences.,194; 195; 196; 197; 198; 199; 200; 201; 202; 203,"Publishing activities | Motion picture, video and television programme activities | Sound recording and music publishing activities | Programming and broadcasting activities | Wired telecommunications activities | Wireless telecommunications activities | Satellite telecommunications activities | Other telecommunications activities, n.e.c. | Computer programming, consultancy and related activities | Information service",High,Derived as the union of division-level correspondences.
2019 update to 2009 PSIC,section,K,Financial and insurance activities,10,Financial and insurance activities,High,Derived as the union of division-level correspondences.,66; 67; 68; 69,Banking institutions | Non-banks | Insurance and pension funding except compulsory social security | Activities auxiliary to financial services activities,High,Derived as the union of division-level correspondences.,204; 205; 206; 207; 208,Banking Institutions | Non-banks | Life insurance | Non-life and other insurance activities | Activities auxiliary to financial intermediation,High,Derived as the union of division-level correspondences.
2019 update to 2009 PSIC,section,L,Real estate activities,11,Real estate and ownership of dwellings,High,Derived as the union of division-level correspondences.,70,Real estate,High,Derived as the union of division-level correspondences.,209,Real estate activities,High,Derived as the union of division-level correspondences.
2019 update to 2009 PSIC,section,M,"Professional, scientific and technical activities",12,Professional and business services,High,Derived as the union of division-level correspondences.,72,"Professional, Scientific and Technical Activities; Administrative and Support Service Activities",High,Derived as the union of division-level correspondences.,211; 212; 213; 214; 215; 216; 217; 218; 219; 220; 221,"Legal activities | Accounting, bookeeping and auditing activities; tax consultancy | Activities of head offices; management consultancy activities | Architecture and engineering activities; technical testing and analysis | Scientific research and development | Advertising | Market research and public opinion polling | Specialized design activities | Photographic activities | Other professional, scientific and technical activities, n.e.c. | Veterinary activities",High,Derived as the union of division-level correspondences.
2019 update to 2009 PSIC,section,N,Administrative and support service activities,12,Professional and business services,High,Derived as the union of division-level correspondences.,72,"Professional, Scientific and Technical Activities; Administrative and Support Service Activities",High,Derived as the union of division-level correspondences.,222; 223; 224; 225; 226; 227,"Rental and leasing activities | Employment activities | Travel agency, tour operator, reservation service and related activities | Security and investigation activities | Call center and related activities | Other administrative and support service activities, n.e.c.",High,Derived as the union of division-level correspondences.
2019 update to 2009 PSIC,section,O,Public administration and defense; compulsory social security,13,Public Administration and Defense; Compulsory social security,High,Derived as the union of division-level correspondences.,73,Public Administration and Defense; Compulsory social security,High,Derived as the union of division-level correspondences.,228,Public Administration and Defense; Compulsory social security,High,Derived as the union of division-level correspondences.
2019 update to 2009 PSIC,section,P,Education,14,Education,High,Derived as the union of division-level correspondences.,74; 75,Public education | Private education,High,Derived as the union of division-level correspondences.,229; 230,Public education | Private education,High,Derived as the union of division-level correspondences.
2019 update to 2009 PSIC,section,Q,Human health and social work activities,15,Human health and social work activities,High,Derived as the union of division-level correspondences.,76; 77; 78,Public human health | Private human health | Social work activities,High,Derived as the union of division-level correspondences.,231; 232; 233,Public human health | Private human health | Social work activities,High,Derived as the union of division-level correspondences.
2019 update to 2009 PSIC,section,R,"Arts, entertainment and recreation",16,Other services,High,Derived as the union of division-level correspondences.,79,"Arts, entertainment and recreation",High,Derived as the union of division-level correspondences.,234,"Arts, entertainment, and recreation",High,Derived as the union of division-level correspondences.
2019 update to 2009 PSIC,section,S,Other service activities,16,Other services,Medium-High,Derived as the union of service division mappings; PSIC Division 94 has no separately named 240-industry sector.,80,Other service activities,Medium-High,Derived as the union of service division mappings; PSIC Division 94 has no separately named 240-industry sector.,235; 236; 237; 238; 239; 240,"Repair of computers and personal and household goods | Spa, steam bath, slendering, and body building activities | Beauty treatment, personal grooming activities and other wellness activities, n.e.c. | Laundry services | Funeral and related activities | Other personal service activities",Medium-High,Derived as the union of service division mappings; PSIC Division 94 has no separately named 240-industry sector.
2019 update to 2009 PSIC,section,T,Activities of households as employers; undifferentiated goods- and services-producing activities of households for own use,,,Not mapped,No distinct published I-O industry was identified at this aggregation; left unmapped rather than forcing a correspondence.,,,Not mapped,No distinct published I-O industry was identified at this aggregation; left unmapped rather than forcing a correspondence.,,,Not mapped,No distinct published I-O industry was identified at this aggregation; left unmapped rather than forcing a correspondence.
2019 update to 2009 PSIC,section,U,Activities of extraterritorial organizations and bodies,,,Not mapped,No distinct published I-O industry was identified at this aggregation; left unmapped rather than forcing a correspondence.,,,Not mapped,No distinct published I-O industry was identified at this aggregation; left unmapped rather than forcing a correspondence.,,,Not mapped,No distinct published I-O industry was identified at this aggregation; left unmapped rather than forcing a correspondence.
2019 update to 2009 PSIC,division,01,"Crop and animal production, hunting and related service activities",01,"Agriculture, forestry, and fishing",High with caveat,I-O support sector 038 / IO80 20 is shared with forestry and fishing support activities; mapping is many-to-many.,01; 02; 03; 04; 05; 06; 07; 08; 09; 10; 11; 12; 13; 14; 15; 16; 17; 20,"Palay | Corn | Coconut including copra | Sugarcane including muscovado sugar-making in the farm | Banana | Mango | Pineapple | Coffee | Cassava | Rubber | Cacao | Abaca | Tobacco | Other agricultural crops, n.e.c. | Livestock | Poultry and egg production | Other animal production | Support activities to agriculture, forestry and fishing",High with caveat,I-O support sector 038 / IO80 20 is shared with forestry and fishing support activities; mapping is many-to-many.,001; 002; 003; 004; 005; 006; 007; 008; 009; 010; 011; 012; 013; 014; 015; 016; 017; 018; 019; 020; 021; 022; 023; 024; 025; 026; 027; 028; 029; 030; 038,"Palay | Corn | Coconut including copra | Sugarcane including muscovado sugar-making in the farm | Banana | Mango | Pineapple | Coffee | Cassava | Rubber | Cacao | Abaca | Tobacco | Sweet potato | Citrus fruits | Papaya | Other fruits, n.e.c. | Leafy and stem vegetables | Fruit bearing vegetables | Onion | Horticultural specialties and nursery products | Other agricultural crops, n.e.c. | Hog farming | Cattle farming | Carabao farming | Goat farming | Dairy farming | Chicken | Egg production | Other poultry, livestock and animals, n.e.c. | Support activities to agriculture, forestry and fishing",High with caveat,I-O support sector 038 / IO80 20 is shared with forestry and fishing support activities; mapping is many-to-many.
2019 update to 2009 PSIC,division,02,Forestry and logging,01,"Agriculture, forestry, and fishing",High with caveat,I-O support sector 038 / IO80 20 is shared with agriculture and fishing support activities.,18; 20,"Forestry and logging | Support activities to agriculture, forestry and fishing",High with caveat,I-O support sector 038 / IO80 20 is shared with agriculture and fishing support activities.,031; 038,"Forestry and logging | Support activities to agriculture, forestry and fishing",High with caveat,I-O support sector 038 / IO80 20 is shared with agriculture and fishing support activities.
2019 update to 2009 PSIC,division,03,Fishing and aquaculture,01,"Agriculture, forestry, and fishing",High with caveat,I-O support sector 038 / IO80 20 is shared with agriculture and forestry support activities.,19; 20,"Fishing and aquaculture | Support activities to agriculture, forestry and fishing",High with caveat,I-O support sector 038 / IO80 20 is shared with agriculture and forestry support activities.,032; 033; 034; 035; 036; 037; 038,"Ocean fishing (including fish corals) | Inland and coastal fishing | Prawn culture and Operation of fish farms and nurseries | Pearl culture and pearl shell gathering | Seaweeds farming | Mollusks and other crustacean farm operations (except prawn farm operations) and other fishing activities, n.e.c | Support activities to agriculture, forestry and fishing",High with caveat,I-O support sector 038 / IO80 20 is shared with agriculture and forestry support activities.
2019 update to 2009 PSIC,division,05,Mining of coal and lignite,02,Mining and quarrying,High,Derived by matching the official PSIC division scope to the published 2018 I-O industry label(s) and hierarchy.,21,Coal,High,Derived by matching the official PSIC division scope to the published 2018 I-O industry label(s) and hierarchy.,039,Coal and ligmite,High,Derived by matching the official PSIC division scope to the published 2018 I-O industry label(s) and hierarchy.
2019 update to 2009 PSIC,division,06,Extraction of crude petroleum and natural gas,02,Mining and quarrying,High,Derived by matching the official PSIC division scope to the published 2018 I-O industry label(s) and hierarchy.,22,Crude petroleum and natural gas,High,Derived by matching the official PSIC division scope to the published 2018 I-O industry label(s) and hierarchy.,040,Crude petroleum and natural gas,High,Derived by matching the official PSIC division scope to the published 2018 I-O industry label(s) and hierarchy.
2019 update to 2009 PSIC,division,07,Mining of metal ores,02,Mining and quarrying,Medium,"PSIC Division 07 is broader than the separately named gold/precious, nickel and copper I-O sectors; residual metal-ore activity is treated here as falling into the residual mining sector. Verify if using at establishment level.",23; 24; 25; 26,"Gold and other precious metal ores | Nickel ores | Copper ores | Stone quarrying, and other mining and quarrying",Medium,"PSIC Division 07 is broader than the separately named gold/precious, nickel and copper I-O sectors; residual metal-ore activity is treated here as falling into the residual mining sector. Verify if using at establishment level.",041; 042; 043; 045,Gold and other precious metal ores | Nickel ores | Copper ores | Other mining and quarrying,Medium,"PSIC Division 07 is broader than the separately named gold/precious, nickel and copper I-O sectors; residual metal-ore activity is treated here as falling into the residual mining sector. Verify if using at establishment level."
2019 update to 2009 PSIC,division,08,Other mining and quarrying,02,Mining and quarrying,Medium,Residual I-O mining sector overlaps the boundary between other mining/quarrying and other residual mining activities.,26,"Stone quarrying, and other mining and quarrying",Medium,Residual I-O mining sector overlaps the boundary between other mining/quarrying and other residual mining activities.,044; 045,"Quarrying of stone, clay, gravel and sand | Other mining and quarrying",Medium,Residual I-O mining sector overlaps the boundary between other mining/quarrying and other residual mining activities.
2019 update to 2009 PSIC,division,09,Mining support service activities,02,Mining and quarrying,Low,No separately named mining-support I-O sector is published; mapped to the residual mining aggregate as a best-fit analytical assignment.,26,"Stone quarrying, and other mining and quarrying",Low,No separately named mining-support I-O sector is published; mapped to the residual mining aggregate as a best-fit analytical assignment.,045,Other mining and quarrying,Low,No separately named mining-support I-O sector is published; mapped to the residual mining aggregate as a best-fit analytical assignment.
2019 update to 2009 PSIC,division,10,Manufacture of food products,03,Manufacturing,High,Derived by matching the official PSIC division scope to the published 2018 I-O industry label(s) and hierarchy.,27,Food products,High,Derived by matching the official PSIC division scope to the published 2018 I-O industry label(s) and hierarchy.,046; 047; 048; 049; 050; 051; 052; 053; 054; 055; 056; 057; 058; 059; 060; 061; 062; 063; 064; 065; 066; 067; 068,"Slaughtering and meat packing | Production, processing and preserving of meat and meat products | Canning/packing of fish and other marine products | Other types of processing of fish and other marine products | Processing and preserving of fruits and vegetables | Virgin coconut oil, dessicated coconut, and nata de coco | Vegetable and animal oils and fats, n.e.c. | Milk and cream | Butter, cheese and curd | Ice cream and sherbet, ice drop, ice candy and other flavored ices | Other dairy products, n.e.c. | Rice/corn milling | Grain and vegetable mill products, except rice and corn | Starches and starch products | Bakery products | Sugar other sugarcane products | Cocoa, chocolate and sugar confectionery | Macaroni, noodles, couscous and similar farinaceous products | Prepared meals and dishes | Food supplements from herbs and other plants | Coffee roasting and processing | Food products, n.e.c. | Animal feeds",High,Derived by matching the official PSIC division scope to the published 2018 I-O industry label(s) and hierarchy.
2019 update to 2009 PSIC,division,11,Manufacture of beverages,03,Manufacturing,High,Derived by matching the official PSIC division scope to the published 2018 I-O industry label(s) and hierarchy.,28,Beverages,High,Derived by matching the official PSIC division scope to the published 2018 I-O industry label(s) and hierarchy.,069; 070; 071; 072; 073; 074,"Alcoholic liquors and wine | Malt liquors and malt | Soft drinks | Drinks flavored with fruit juices, syrups or other materials | Drinking water and mineral water | Other beverages, n.e.c.",High,Derived by matching the official PSIC division scope to the published 2018 I-O industry label(s) and hierarchy.
2019 update to 2009 PSIC,division,12,Manufacture of tobacco products,03,Manufacturing,High,Derived by matching the official PSIC division scope to the published 2018 I-O industry label(s) and hierarchy.,29,Tobacco products,High,Derived by matching the official PSIC division scope to the published 2018 I-O industry label(s) and hierarchy.,075; 076; 077,"Cigarettes | Cigars and chewing and smoking tobacco, snuff | Tobacco leaf flue-curing and re-drying and other tobacco manufacturing, n.e.c.",High,Derived by matching the official PSIC division scope to the published 2018 I-O industry label(s) and hierarchy.
2019 update to 2009 PSIC,division,13,Manufacture of textiles,03,Manufacturing,High,Derived by matching the official PSIC division scope to the published 2018 I-O industry label(s) and hierarchy.,30,Textiles,High,Derived by matching the official PSIC division scope to the published 2018 I-O industry label(s) and hierarchy.,078; 079; 081; 082; 083; 084; 085; 086,"Spinning, texturizing, weaving and finishing of textiles | Knitted and crocheted fabrics | Knitted and crocheted fabrics, n.e.c. | Made-up textile articles, except wearing apparel | Carpets and rugs | Cordage, rope, twine and netting | Embroidered fabrics | Other textiles, n.e.c.",High,Derived by matching the official PSIC division scope to the published 2018 I-O industry label(s) and hierarchy.
2019 update to 2009 PSIC,division,14,Manufacture of wearing apparel,03,Manufacturing,High,Derived by matching the official PSIC division scope to the published 2018 I-O industry label(s) and hierarchy.,30; 31,Textiles | Wearing apparel,High with caveat,"Cross-boundary aggregation: PSIC group 143 belongs to Division 14, but its IO240 080 is officially nested under IO80 30 (Textiles). Division 14 therefore maps to both IO80 30 and 31. | Derived by matching the official PSIC division scope to the published 2018 I-O industry label(s) and hierarchy.",080; 087; 088; 089; 090,"Knitted or crocheted hosiery, underwear and outerwear  when knitted or crocheted directly into shape | Ready-made garments manufacturing (excluding embroidered garments) | Ready-made embroidered garments manufacturing | Custom tailoring and dressmaking | Other wearing apparel, n.e.c.",High,"Corrected: the IO240 080 label reproduces PSIC sub-class 14302, which sits in group 143 and therefore in division 14, not division 13. Previously assigned to division 13. Whether PSA places IO240 080 under IO80 30 (Textiles) or IO80 31 (Wearing apparel) is a separate open question - see Open_Issues. | Derived by matching the official PSIC division scope to the published 2018 I-O industry label(s) and hierarchy."
2019 update to 2009 PSIC,division,15,Manufacture of leather and related products,03,Manufacturing,High,Derived by matching the official PSIC division scope to the published 2018 I-O industry label(s) and hierarchy.,32,"Leather and related products, including footwear",High,Derived by matching the official PSIC division scope to the published 2018 I-O industry label(s) and hierarchy.,091; 092; 093; 094,"Tanning and dressing of leather | Products of leather and imitation leather | Shoes | Other footwear, n.e.c.",High,Derived by matching the official PSIC division scope to the published 2018 I-O industry label(s) and hierarchy.
2019 update to 2009 PSIC,division,16,"Manufacture of wood and of products of wood and cork, except furniture; manufacture of articles of bamboo, cane, rattan and the like; manufacture of articles of straw and plaiting materials",03,Manufacturing,High,Derived by matching the official PSIC division scope to the published 2018 I-O industry label(s) and hierarchy.,33,"Wood, bamboo, cane, rattan articles and related products",High,Derived by matching the official PSIC division scope to the published 2018 I-O industry label(s) and hierarchy.,095; 096; 097; 098; 099; 100; 101,"Sawmilling and planing of wood | Veneer sheets and plywoods | Laminboard, particle board and other panels and board | Builders' carpentry and joinery; millworking | Wood carvings | Products of bamboo, cane, rattan and the like, and plaiting materials except furniture | Other products of wood, except furniture, n.e.c.",High,Derived by matching the official PSIC division scope to the published 2018 I-O industry label(s) and hierarchy.
2019 update to 2009 PSIC,division,17,Manufacture of paper and paper products,03,Manufacturing,High,Derived by matching the official PSIC division scope to the published 2018 I-O industry label(s) and hierarchy.,34,Paper and paper products,High,Derived by matching the official PSIC division scope to the published 2018 I-O industry label(s) and hierarchy.,102; 103; 104,"Pulp,  paper and paperboard | Containers and boxes of paper and paperboard | Other articles of paper and paperboard",High,Derived by matching the official PSIC division scope to the published 2018 I-O industry label(s) and hierarchy.
2019 update to 2009 PSIC,division,18,Printing and reproduction of recorded media,03,Manufacturing,High,Derived by matching the official PSIC division scope to the published 2018 I-O industry label(s) and hierarchy.,35,Printing and reproduction of recorded media,High,Derived by matching the official PSIC division scope to the published 2018 I-O industry label(s) and hierarchy.,105; 106,"Printing, and service activities related to printing | Reproduction of recorded media",High,Derived by matching the official PSIC division scope to the published 2018 I-O industry label(s) and hierarchy.
2019 update to 2009 PSIC,division,19,Manufacture of coke and refined petroleum products,03,Manufacturing,High,Derived by matching the official PSIC division scope to the published 2018 I-O industry label(s) and hierarchy.,36,Coke and refined petroleum products,High,Derived by matching the official PSIC division scope to the published 2018 I-O industry label(s) and hierarchy.,107; 108,Refined petroleum products | Other petroleum products,High,Derived by matching the official PSIC division scope to the published 2018 I-O industry label(s) and hierarchy.
2019 update to 2009 PSIC,division,20,Manufacture of chemicals and chemical products,03,Manufacturing,High,Derived by matching the official PSIC division scope to the published 2018 I-O industry label(s) and hierarchy.,37,Chemical and chemical products,High,Derived by matching the official PSIC division scope to the published 2018 I-O industry label(s) and hierarchy.,109; 110; 111; 112; 113; 114; 115,"Basic chemicals except fertilizers and nitrogen compounds | Fertilizers and nitrogen compounds | Plastics in primary forms and of synthetic rubber | Pesticides and other agro- chemical products | Paints, varnishes and similar coatings, printing ink and mastics | Soap and detergents, cleaning and polishing preparations, perfumes and toilet preparations | Other chemical products, n.e.c.",High,Derived by matching the official PSIC division scope to the published 2018 I-O industry label(s) and hierarchy.
2019 update to 2009 PSIC,division,21,Manufacture of basic pharmaceutical products and pharmaceutical preparations,03,Manufacturing,High,Derived by matching the official PSIC division scope to the published 2018 I-O industry label(s) and hierarchy.,38,Basic pharmaceutical products and pharmaceutical preparations,High,Derived by matching the official PSIC division scope to the published 2018 I-O industry label(s) and hierarchy.,116,Basic pharmaceutical products and pharmaceutical preparations,High,Derived by matching the official PSIC division scope to the published 2018 I-O industry label(s) and hierarchy.
2019 update to 2009 PSIC,division,22,Manufacture of rubber and plastic products,03,Manufacturing,High,Derived by matching the official PSIC division scope to the published 2018 I-O industry label(s) and hierarchy.,39,Rubber and plastic products,High,Derived by matching the official PSIC division scope to the published 2018 I-O industry label(s) and hierarchy.,117; 118,Rubber products | Plastic products,High,Derived by matching the official PSIC division scope to the published 2018 I-O industry label(s) and hierarchy.
2019 update to 2009 PSIC,division,23,Manufacture of other non-metallic mineral products,03,Manufacturing,High,Derived by matching the official PSIC division scope to the published 2018 I-O industry label(s) and hierarchy.,40,Other non-metallic mineral products,High,Derived by matching the official PSIC division scope to the published 2018 I-O industry label(s) and hierarchy.,119; 120; 121; 122,"Flat glass (including float glass) | Glass and glass products | Cement | Other non-metallic mineral products, n.e.c.",High,Derived by matching the official PSIC division scope to the published 2018 I-O industry label(s) and hierarchy.
2019 update to 2009 PSIC,division,24,Manufacture of basic metals,03,Manufacturing,High,Derived by matching the official PSIC division scope to the published 2018 I-O industry label(s) and hierarchy.,41,Basic metals,High,Derived by matching the official PSIC division scope to the published 2018 I-O industry label(s) and hierarchy.,123; 124; 125; 126,Basic iron and steel | Casting/foundry of iron and steel | Basic precious and non-ferrous metals | Non-ferrous metal casting,High,Derived by matching the official PSIC division scope to the published 2018 I-O industry label(s) and hierarchy.
2019 update to 2009 PSIC,division,25,"Manufacture of fabricated metal products, except machinery and equipment",03,Manufacturing,High,Derived by matching the official PSIC division scope to the published 2018 I-O industry label(s) and hierarchy.,42,"Fabricated metal products, except machinery and equipment",High,Derived by matching the official PSIC division scope to the published 2018 I-O industry label(s) and hierarchy.,127; 128; 129; 130; 131,"Structural metal products | Metal containers | Forging, pressing, stamping and roll-forming of metal; powder metallurgy | Cutlery, hand  tools and general hardware | Other fabricated metal products, n.e.c.",High,Derived by matching the official PSIC division scope to the published 2018 I-O industry label(s) and hierarchy.
2019 update to 2009 PSIC,division,26,"Manufacture of computer, electronic and optical products",03,Manufacturing,High,Derived by matching the official PSIC division scope to the published 2018 I-O industry label(s) and hierarchy.,43,"Computer, electronic and optical products",High,Derived by matching the official PSIC division scope to the published 2018 I-O industry label(s) and hierarchy.,132; 133; 134; 135; 136; 137; 138; 139; 140; 141,"Electronic valves and tubes | Semi-conductor devices and other electronic components | Computers and peripheral equipment and accessories | Communication equipment | Consumer electronics | Measuring, testing, navigating and control equipment | Watches and clocks | Irradiation, electromedical and electrotherapeutic equipment | Optical instruments and photographic equipment | Magnetic and optical media",High,Derived by matching the official PSIC division scope to the published 2018 I-O industry label(s) and hierarchy.
2019 update to 2009 PSIC,division,27,Manufacture of electrical equipment,03,Manufacturing,High,Derived by matching the official PSIC division scope to the published 2018 I-O industry label(s) and hierarchy.,44,Electrical equipment,High,Derived by matching the official PSIC division scope to the published 2018 I-O industry label(s) and hierarchy.,142; 143; 144; 145; 146; 147,"Electric motors, generators and transformers and electric generating sets | Batteries and accumulators | Wiring and wiring devices | Electric lighting equipment | Domestic appliances | Other electrical equipment",High,Derived by matching the official PSIC division scope to the published 2018 I-O industry label(s) and hierarchy.
2019 update to 2009 PSIC,division,28,"Manufacture of machinery and equipment, n.e.c.",03,Manufacturing,High,Derived by matching the official PSIC division scope to the published 2018 I-O industry label(s) and hierarchy.,45,Machinery and equipment except electrical,High,Derived by matching the official PSIC division scope to the published 2018 I-O industry label(s) and hierarchy.,148; 149; 150; 151; 152; 153; 154,"Engines and turbines, except  aircraft, vehicle and cycle engines | Pumps, compressors, taps and valves | Office machinery and equipment (except computers and peripheral equipment) | Other general  purpose machinery | Agricultural and forestry machinery | Machinery for mining, quarrying and construction | Other special  purpose machinery",High,Derived by matching the official PSIC division scope to the published 2018 I-O industry label(s) and hierarchy.
2019 update to 2009 PSIC,division,29,"Manufacture of motor vehicles, trailers and semi-trailers",03,Manufacturing,High,Derived by matching the official PSIC division scope to the published 2018 I-O industry label(s) and hierarchy.,46,Transport equipment,High,Derived by matching the official PSIC division scope to the published 2018 I-O industry label(s) and hierarchy.,155,"Motor Vehicles, Trailers and Semi-Trailers",High,Derived by matching the official PSIC division scope to the published 2018 I-O industry label(s) and hierarchy.
2019 update to 2009 PSIC,division,30,Manufacture of other transport equipment,03,Manufacturing,High,Derived by matching the official PSIC division scope to the published 2018 I-O industry label(s) and hierarchy.,46,Transport equipment,High,Derived by matching the official PSIC division scope to the published 2018 I-O industry label(s) and hierarchy.,156; 157; 158; 159; 160; 161,"Building of ships and boats | Railway locomotive and rolling stock | Air and spacecraft and related machinery | Motorcyles | Bicycles and invalid carriages | Other transport equipment, n.e.c.",High,Derived by matching the official PSIC division scope to the published 2018 I-O industry label(s) and hierarchy.
2019 update to 2009 PSIC,division,31,Manufacture of furniture,03,Manufacturing,High,Derived by matching the official PSIC division scope to the published 2018 I-O industry label(s) and hierarchy.,47,Furniture,High,Derived by matching the official PSIC division scope to the published 2018 I-O industry label(s) and hierarchy.,162; 163; 164; 165,"Wood and rattan furniture (reed, wicker, and cane) | Plastic furniture | Furniture and fixtures of metal | Other furniture and fixtures,n.e.c.",High,Derived by matching the official PSIC division scope to the published 2018 I-O industry label(s) and hierarchy.
2019 update to 2009 PSIC,division,32,Other manufacturing,03,Manufacturing,High,Derived by matching the official PSIC division scope to the published 2018 I-O industry label(s) and hierarchy.,48,Other manufacturing,High,Derived by matching the official PSIC division scope to the published 2018 I-O industry label(s) and hierarchy.,166; 167; 168; 169; 170; 171,"Jewelry, bijouterie and related articles | Musical instruments | Sports goods | Games and toys | Medical and dental instruments and supplies | Other manufacturing, n.e.c.",High,Derived by matching the official PSIC division scope to the published 2018 I-O industry label(s) and hierarchy.
2019 update to 2009 PSIC,division,33,Repair and installation of machinery and equipment,03,Manufacturing,Low,"No separately named repair/installation-of-machinery I-O sector is published; mapped to the residual 'Other manufacturing' sector as a best-fit proxy, not an official concordance.",48,Other manufacturing,Low,"No separately named repair/installation-of-machinery I-O sector is published; mapped to the residual 'Other manufacturing' sector as a best-fit proxy, not an official concordance.",171,"Other manufacturing, n.e.c.",Low,"No separately named repair/installation-of-machinery I-O sector is published; mapped to the residual 'Other manufacturing' sector as a best-fit proxy, not an official concordance."
2019 update to 2009 PSIC,division,35,"Electricity, gas, steam and air conditioning supply",04,"Electricity, steam, water and waste management",High,Derived by matching the official PSIC division scope to the published 2018 I-O industry label(s) and hierarchy.,49; 50,Electricity | Steam,High,Derived by matching the official PSIC division scope to the published 2018 I-O industry label(s) and hierarchy.,172; 173,"Electric power generation, transmission and distribution | Steam and hot water supply; and manufacture and distribution of gas",High,Derived by matching the official PSIC division scope to the published 2018 I-O industry label(s) and hierarchy.
2019 update to 2009 PSIC,division,36,"Water collection, treatment and supply",04,"Electricity, steam, water and waste management",High,Derived by matching the official PSIC division scope to the published 2018 I-O industry label(s) and hierarchy.,51,Water supply,High,Derived by matching the official PSIC division scope to the published 2018 I-O industry label(s) and hierarchy.,174,"Water collection, treatment and supply",High,Derived by matching the official PSIC division scope to the published 2018 I-O industry label(s) and hierarchy.
2019 update to 2009 PSIC,division,37,Sewerage,04,"Electricity, steam, water and waste management",High,PSA I-O aggregates sewerage with waste management/remediation at IO240 175 / IO80 52.,52,"Sewerage, and waste management and remediation activities",High,PSA I-O aggregates sewerage with waste management/remediation at IO240 175 / IO80 52.,175,"Sewerage, and waste management and remediation activities",High,PSA I-O aggregates sewerage with waste management/remediation at IO240 175 / IO80 52.
2019 update to 2009 PSIC,division,38,"Waste collection, treatment and disposal activities; materials recovery",04,"Electricity, steam, water and waste management",High,PSA I-O aggregates sewerage with waste management/remediation at IO240 175 / IO80 52.,52,"Sewerage, and waste management and remediation activities",High,PSA I-O aggregates sewerage with waste management/remediation at IO240 175 / IO80 52.,175,"Sewerage, and waste management and remediation activities",High,PSA I-O aggregates sewerage with waste management/remediation at IO240 175 / IO80 52.
2019 update to 2009 PSIC,division,39,Remediation activities and other waste management services,04,"Electricity, steam, water and waste management",High,PSA I-O aggregates sewerage with waste management/remediation at IO240 175 / IO80 52.,52,"Sewerage, and waste management and remediation activities",High,PSA I-O aggregates sewerage with waste management/remediation at IO240 175 / IO80 52.,175,"Sewerage, and waste management and remediation activities",High,PSA I-O aggregates sewerage with waste management/remediation at IO240 175 / IO80 52.
2019 update to 2009 PSIC,division,41,Construction of buildings,05,Construction,High,All three PSIC construction divisions collapse to one I-O construction industry.,53,Construction,High,All three PSIC construction divisions collapse to one I-O construction industry.,176,Construction,High,All three PSIC construction divisions collapse to one I-O construction industry.
2019 update to 2009 PSIC,division,42,Civil engineering,05,Construction,High,All three PSIC construction divisions collapse to one I-O construction industry.,53,Construction,High,All three PSIC construction divisions collapse to one I-O construction industry.,176,Construction,High,All three PSIC construction divisions collapse to one I-O construction industry.
2019 update to 2009 PSIC,division,43,Specialized construction activities,05,Construction,High,All three PSIC construction divisions collapse to one I-O construction industry.,53,Construction,High,All three PSIC construction divisions collapse to one I-O construction industry.,176,Construction,High,All three PSIC construction divisions collapse to one I-O construction industry.
2019 update to 2009 PSIC,division,45,Wholesale and retail trade and repair of motor vehicles and motorcycles,06,Wholesale and retail trade; repair of motor vehicles and motorcycles,High,Derived by matching the official PSIC division scope to the published 2018 I-O industry label(s) and hierarchy.,56,Sale and repair of motor vehicles and motorcycles,High,Derived by matching the official PSIC division scope to the published 2018 I-O industry label(s) and hierarchy.,179,Sale and repair of motor vehicles and motorcycles,High,Derived by matching the official PSIC division scope to the published 2018 I-O industry label(s) and hierarchy.
2019 update to 2009 PSIC,division,46,"Wholesale trade, except of motor vehicles and motorcycles",06,Wholesale and retail trade; repair of motor vehicles and motorcycles,High,Derived by matching the official PSIC division scope to the published 2018 I-O industry label(s) and hierarchy.,54,"Wholesale trade, except of motor vehicles and motorcycles",High,Derived by matching the official PSIC division scope to the published 2018 I-O industry label(s) and hierarchy.,177,"Wholesale trade, except of motor vehicles and motorcycles",High,Derived by matching the official PSIC division scope to the published 2018 I-O industry label(s) and hierarchy.
2019 update to 2009 PSIC,division,47,"Retail trade, except of motor vehicles and motorcycles",06,Wholesale and retail trade; repair of motor vehicles and motorcycles,High,Derived by matching the official PSIC division scope to the published 2018 I-O industry label(s) and hierarchy.,55,"Retail trade, except of motor vehicles and motorcycles",High,Derived by matching the official PSIC division scope to the published 2018 I-O industry label(s) and hierarchy.,178,"Retail trade, except of motor vehicles and motorcycles",High,Derived by matching the official PSIC division scope to the published 2018 I-O industry label(s) and hierarchy.
2019 update to 2009 PSIC,division,49,Land transport and transport via pipelines,07,Transportation and storage,High,Derived by matching the official PSIC division scope to the published 2018 I-O industry label(s) and hierarchy.,57,Land transport,High,Derived by matching the official PSIC division scope to the published 2018 I-O industry label(s) and hierarchy.,180; 181; 182; 183; 184; 185,Railway transport | Bus line operation | Tourist buses and cars including chartered and rent-a-car | Public utility cars and taxicab operation | Jeepney and other land transport services | Road freight transport,High,Derived by matching the official PSIC division scope to the published 2018 I-O industry label(s) and hierarchy.
2019 update to 2009 PSIC,division,50,Water transport,07,Transportation and storage,High,Derived by matching the official PSIC division scope to the published 2018 I-O industry label(s) and hierarchy.,58,Water transport,High,Derived by matching the official PSIC division scope to the published 2018 I-O industry label(s) and hierarchy.,186,Water transport,High,Derived by matching the official PSIC division scope to the published 2018 I-O industry label(s) and hierarchy.
2019 update to 2009 PSIC,division,51,Air transport,07,Transportation and storage,High,Derived by matching the official PSIC division scope to the published 2018 I-O industry label(s) and hierarchy.,59,Air transport,High,Derived by matching the official PSIC division scope to the published 2018 I-O industry label(s) and hierarchy.,187,Air transport,High,Derived by matching the official PSIC division scope to the published 2018 I-O industry label(s) and hierarchy.
2019 update to 2009 PSIC,division,52,Warehousing and support activities for transportation,07,Transportation and storage,High,Derived by matching the official PSIC division scope to the published 2018 I-O industry label(s) and hierarchy.,60,"Warehousing and storage, and support activities for transportation",High,Derived by matching the official PSIC division scope to the published 2018 I-O industry label(s) and hierarchy.,188; 189,Warehousing and storage | Support activities for transportation,High,Derived by matching the official PSIC division scope to the published 2018 I-O industry label(s) and hierarchy.
2019 update to 2009 PSIC,division,53,Postal and courier activities,07,Transportation and storage,High,Derived by matching the official PSIC division scope to the published 2018 I-O industry label(s) and hierarchy.,61,Postal and courier activities,High,Derived by matching the official PSIC division scope to the published 2018 I-O industry label(s) and hierarchy.,190,Postal and courier activities,High,Derived by matching the official PSIC division scope to the published 2018 I-O industry label(s) and hierarchy.
2019 update to 2009 PSIC,division,55,Accommodation,08,Accommodation and food service activities,High,Derived by matching the official PSIC division scope to the published 2018 I-O industry label(s) and hierarchy.,62,Accommodation,High,Derived by matching the official PSIC division scope to the published 2018 I-O industry label(s) and hierarchy.,191; 192,Short term acommodation activities | Other accommodation,High,Derived by matching the official PSIC division scope to the published 2018 I-O industry label(s) and hierarchy.
2019 update to 2009 PSIC,division,56,Food and beverage service activities,08,Accommodation and food service activities,High,Derived by matching the official PSIC division scope to the published 2018 I-O industry label(s) and hierarchy.,63,Food and beverage service activities,High,Derived by matching the official PSIC division scope to the published 2018 I-O industry label(s) and hierarchy.,193,Food and beverage service activities,High,Derived by matching the official PSIC division scope to the published 2018 I-O industry label(s) and hierarchy.
2019 update to 2009 PSIC,division,58,Publishing activities,09,Information and communication,High,Derived by matching the official PSIC division scope to the published 2018 I-O industry label(s) and hierarchy.,64,Information and publishing,High,Derived by matching the official PSIC division scope to the published 2018 I-O industry label(s) and hierarchy.,194,Publishing activities,High,Derived by matching the official PSIC division scope to the published 2018 I-O industry label(s) and hierarchy.
2019 update to 2009 PSIC,division,59,"Motion picture, video and television programme production, sound recording and music publishing activities",09,Information and communication,High,Derived by matching the official PSIC division scope to the published 2018 I-O industry label(s) and hierarchy.,64,Information and publishing,High,Derived by matching the official PSIC division scope to the published 2018 I-O industry label(s) and hierarchy.,195; 196,"Motion picture, video and television programme activities | Sound recording and music publishing activities",High,Derived by matching the official PSIC division scope to the published 2018 I-O industry label(s) and hierarchy.
2019 update to 2009 PSIC,division,60,Programming and broadcasting activities,09,Information and communication,High,Derived by matching the official PSIC division scope to the published 2018 I-O industry label(s) and hierarchy.,64,Information and publishing,High,Derived by matching the official PSIC division scope to the published 2018 I-O industry label(s) and hierarchy.,197,Programming and broadcasting activities,High,Derived by matching the official PSIC division scope to the published 2018 I-O industry label(s) and hierarchy.
2019 update to 2009 PSIC,division,61,Telecommunications,09,Information and communication,High,Derived by matching the official PSIC division scope to the published 2018 I-O industry label(s) and hierarchy.,65,Communication,High,Derived by matching the official PSIC division scope to the published 2018 I-O industry label(s) and hierarchy.,198; 199; 200; 201,"Wired telecommunications activities | Wireless telecommunications activities | Satellite telecommunications activities | Other telecommunications activities, n.e.c.",High,Derived by matching the official PSIC division scope to the published 2018 I-O industry label(s) and hierarchy.
2019 update to 2009 PSIC,division,62,"Computer programming, consultancy and related activities",09,Information and communication,High,Derived by matching the official PSIC division scope to the published 2018 I-O industry label(s) and hierarchy.,65,Communication,High,Official 2018 I-O hierarchy places IO240 202-203 under IO80 65 (Communication).,202,"Computer programming, consultancy and related activities",High,Derived by matching the official PSIC division scope to the published 2018 I-O industry label(s) and hierarchy.
2019 update to 2009 PSIC,division,63,Information service activities,09,Information and communication,High,Derived by matching the official PSIC division scope to the published 2018 I-O industry label(s) and hierarchy.,65,Communication,High,Official 2018 I-O hierarchy places IO240 202-203 under IO80 65 (Communication).,203,Information service,High,Derived by matching the official PSIC division scope to the published 2018 I-O industry label(s) and hierarchy.
2019 update to 2009 PSIC,division,64,"Financial service activities, except insurance and pension funding",10,Financial and insurance activities,High with caveat,The I-O classification splits financial services into banking institutions and non-banks; both sit within PSIC Division 64.,66; 67,Banking institutions | Non-banks,High with caveat,The I-O classification splits financial services into banking institutions and non-banks; both sit within PSIC Division 64.,204; 205,Banking Institutions | Non-banks,High with caveat,The I-O classification splits financial services into banking institutions and non-banks; both sit within PSIC Division 64.
2019 update to 2009 PSIC,division,65,"Insurance, reinsurance and pension funding, except compulsory social security",10,Financial and insurance activities,High,Derived by matching the official PSIC division scope to the published 2018 I-O industry label(s) and hierarchy.,68,Insurance and pension funding except compulsory social security,High,Derived by matching the official PSIC division scope to the published 2018 I-O industry label(s) and hierarchy.,206; 207,Life insurance | Non-life and other insurance activities,High,Derived by matching the official PSIC division scope to the published 2018 I-O industry label(s) and hierarchy.
2019 update to 2009 PSIC,division,66,Activities auxiliary to financial service and insurance activities,10,Financial and insurance activities,High,Derived by matching the official PSIC division scope to the published 2018 I-O industry label(s) and hierarchy.,69,Activities auxiliary to financial services activities,High,Derived by matching the official PSIC division scope to the published 2018 I-O industry label(s) and hierarchy.,208,Activities auxiliary to financial intermediation,High,Derived by matching the official PSIC division scope to the published 2018 I-O industry label(s) and hierarchy.
2019 update to 2009 PSIC,division,68,Real estate activities,11,Real estate and ownership of dwellings,High,Derived by matching the official PSIC division scope to the published 2018 I-O industry label(s) and hierarchy.,70,Real estate,High,Derived by matching the official PSIC division scope to the published 2018 I-O industry label(s) and hierarchy.,209,Real estate activities,High,Derived by matching the official PSIC division scope to the published 2018 I-O industry label(s) and hierarchy.
2019 update to 2009 PSIC,division,69,Legal and accounting activities,12,Professional and business services,High,Derived by matching the official PSIC division scope to the published 2018 I-O industry label(s) and hierarchy.,72,"Professional, Scientific and Technical Activities; Administrative and Support Service Activities",High,Derived by matching the official PSIC division scope to the published 2018 I-O industry label(s) and hierarchy.,211; 212,"Legal activities | Accounting, bookeeping and auditing activities; tax consultancy",High,Derived by matching the official PSIC division scope to the published 2018 I-O industry label(s) and hierarchy.
2019 update to 2009 PSIC,division,70,Activities of head offices; management consultancy activities,12,Professional and business services,High,Derived by matching the official PSIC division scope to the published 2018 I-O industry label(s) and hierarchy.,72,"Professional, Scientific and Technical Activities; Administrative and Support Service Activities",High,Derived by matching the official PSIC division scope to the published 2018 I-O industry label(s) and hierarchy.,213,Activities of head offices; management consultancy activities,High,Derived by matching the official PSIC division scope to the published 2018 I-O industry label(s) and hierarchy.
2019 update to 2009 PSIC,division,71,Architectural and engineering activities; technical testing and analysis,12,Professional and business services,High,Derived by matching the official PSIC division scope to the published 2018 I-O industry label(s) and hierarchy.,72,"Professional, Scientific and Technical Activities; Administrative and Support Service Activities",High,Derived by matching the official PSIC division scope to the published 2018 I-O industry label(s) and hierarchy.,214,Architecture and engineering activities; technical testing and analysis,High,Derived by matching the official PSIC division scope to the published 2018 I-O industry label(s) and hierarchy.
2019 update to 2009 PSIC,division,72,Scientific research and development,12,Professional and business services,High,Derived by matching the official PSIC division scope to the published 2018 I-O industry label(s) and hierarchy.,72,"Professional, Scientific and Technical Activities; Administrative and Support Service Activities",High,Derived by matching the official PSIC division scope to the published 2018 I-O industry label(s) and hierarchy.,215,Scientific research and development,High,Derived by matching the official PSIC division scope to the published 2018 I-O industry label(s) and hierarchy.
2019 update to 2009 PSIC,division,73,Advertising and market research,12,Professional and business services,High,Derived by matching the official PSIC division scope to the published 2018 I-O industry label(s) and hierarchy.,72,"Professional, Scientific and Technical Activities; Administrative and Support Service Activities",High,Derived by matching the official PSIC division scope to the published 2018 I-O industry label(s) and hierarchy.,216; 217,Advertising | Market research and public opinion polling,High,Derived by matching the official PSIC division scope to the published 2018 I-O industry label(s) and hierarchy.
2019 update to 2009 PSIC,division,74,"Other professional, scientific and technical activities",12,Professional and business services,High,Derived by matching the official PSIC division scope to the published 2018 I-O industry label(s) and hierarchy.,72,"Professional, Scientific and Technical Activities; Administrative and Support Service Activities",High,Derived by matching the official PSIC division scope to the published 2018 I-O industry label(s) and hierarchy.,218; 219; 220,"Specialized design activities | Photographic activities | Other professional, scientific and technical activities, n.e.c.",High,Derived by matching the official PSIC division scope to the published 2018 I-O industry label(s) and hierarchy.
2019 update to 2009 PSIC,division,75,Veterinary activities,12,Professional and business services,High,Derived by matching the official PSIC division scope to the published 2018 I-O industry label(s) and hierarchy.,72,"Professional, Scientific and Technical Activities; Administrative and Support Service Activities",High,Derived by matching the official PSIC division scope to the published 2018 I-O industry label(s) and hierarchy.,221,Veterinary activities,High,Derived by matching the official PSIC division scope to the published 2018 I-O industry label(s) and hierarchy.
2019 update to 2009 PSIC,division,77,Rental and leasing activities,12,Professional and business services,High,Derived by matching the official PSIC division scope to the published 2018 I-O industry label(s) and hierarchy.,72,"Professional, Scientific and Technical Activities; Administrative and Support Service Activities",High,Derived by matching the official PSIC division scope to the published 2018 I-O industry label(s) and hierarchy.,222,Rental and leasing activities,High,Derived by matching the official PSIC division scope to the published 2018 I-O industry label(s) and hierarchy.
2019 update to 2009 PSIC,division,78,Employment activities,12,Professional and business services,High,Derived by matching the official PSIC division scope to the published 2018 I-O industry label(s) and hierarchy.,72,"Professional, Scientific and Technical Activities; Administrative and Support Service Activities",High,Derived by matching the official PSIC division scope to the published 2018 I-O industry label(s) and hierarchy.,223,Employment activities,High,Derived by matching the official PSIC division scope to the published 2018 I-O industry label(s) and hierarchy.
2019 update to 2009 PSIC,division,79,"Travel agency, tour operator, reservation service and related activities",12,Professional and business services,High,Derived by matching the official PSIC division scope to the published 2018 I-O industry label(s) and hierarchy.,72,"Professional, Scientific and Technical Activities; Administrative and Support Service Activities",High,Derived by matching the official PSIC division scope to the published 2018 I-O industry label(s) and hierarchy.,224,"Travel agency, tour operator, reservation service and related activities",High,Derived by matching the official PSIC division scope to the published 2018 I-O industry label(s) and hierarchy.
2019 update to 2009 PSIC,division,80,Security and investigation activities,12,Professional and business services,High,Derived by matching the official PSIC division scope to the published 2018 I-O industry label(s) and hierarchy.,72,"Professional, Scientific and Technical Activities; Administrative and Support Service Activities",High,Derived by matching the official PSIC division scope to the published 2018 I-O industry label(s) and hierarchy.,225,Security and investigation activities,High,Derived by matching the official PSIC division scope to the published 2018 I-O industry label(s) and hierarchy.
2019 update to 2009 PSIC,division,81,Services to buildings and landscape activities,12,Professional and business services,High,Derived by matching the official PSIC division scope to the published 2018 I-O industry label(s) and hierarchy.,72,"Professional, Scientific and Technical Activities; Administrative and Support Service Activities",High,Derived by matching the official PSIC division scope to the published 2018 I-O industry label(s) and hierarchy.,227,"Other administrative and support service activities, n.e.c.",High,Derived by matching the official PSIC division scope to the published 2018 I-O industry label(s) and hierarchy.
2019 update to 2009 PSIC,division,82,"Office administrative, office support and other business support activities",12,Professional and business services,High,Derived by matching the official PSIC division scope to the published 2018 I-O industry label(s) and hierarchy.,72,"Professional, Scientific and Technical Activities; Administrative and Support Service Activities",High,Derived by matching the official PSIC division scope to the published 2018 I-O industry label(s) and hierarchy.,226; 227,"Call center and related activities | Other administrative and support service activities, n.e.c.",High,Derived by matching the official PSIC division scope to the published 2018 I-O industry label(s) and hierarchy.
2019 update to 2009 PSIC,division,84,Public administration and defense; compulsory social security,13,Public Administration and Defense; Compulsory social security,High,Derived by matching the official PSIC division scope to the published 2018 I-O industry label(s) and hierarchy.,73,Public Administration and Defense; Compulsory social security,High,Derived by matching the official PSIC division scope to the published 2018 I-O industry label(s) and hierarchy.,228,Public Administration and Defense; Compulsory social security,High,Derived by matching the official PSIC division scope to the published 2018 I-O industry label(s) and hierarchy.
2019 update to 2009 PSIC,division,85,Education,14,Education,High with caveat,"The I-O classification splits education into public and private industries. Public/private ownership is not a PSIC activity distinction, so Division 85 maps to both.",74; 75,Public education | Private education,High with caveat,"The I-O classification splits education into public and private industries. Public/private ownership is not a PSIC activity distinction, so Division 85 maps to both.",229; 230,Public education | Private education,High with caveat,"The I-O classification splits education into public and private industries. Public/private ownership is not a PSIC activity distinction, so Division 85 maps to both."
2019 update to 2009 PSIC,division,86,Human health activities,15,Human health and social work activities,High with caveat,"The I-O classification splits human health into public and private industries. Public/private ownership is not a PSIC activity distinction, so Division 86 maps to both.",76; 77,Public human health | Private human health,High with caveat,"The I-O classification splits human health into public and private industries. Public/private ownership is not a PSIC activity distinction, so Division 86 maps to both.",231; 232,Public human health | Private human health,High with caveat,"The I-O classification splits human health into public and private industries. Public/private ownership is not a PSIC activity distinction, so Division 86 maps to both."
2019 update to 2009 PSIC,division,87,Residential care activities,15,Human health and social work activities,High,Residential care is absorbed into the broader I-O social-work activity sector.,78,Social work activities,High,Residential care is absorbed into the broader I-O social-work activity sector.,233,Social work activities,High,Residential care is absorbed into the broader I-O social-work activity sector.
2019 update to 2009 PSIC,division,88,Social work activities without accommodation,15,Human health and social work activities,High,Social work without accommodation is absorbed into the broader I-O social-work activity sector.,78,Social work activities,High,Social work without accommodation is absorbed into the broader I-O social-work activity sector.,233,Social work activities,High,Social work without accommodation is absorbed into the broader I-O social-work activity sector.
2019 update to 2009 PSIC,division,90,"Creative, arts and entertainment activities",16,Other services,High,PSA I-O aggregates the PSIC arts/entertainment/recreation divisions into one I-O industry.,79,"Arts, entertainment and recreation",High,PSA I-O aggregates the PSIC arts/entertainment/recreation divisions into one I-O industry.,234,"Arts, entertainment, and recreation",High,PSA I-O aggregates the PSIC arts/entertainment/recreation divisions into one I-O industry.
2019 update to 2009 PSIC,division,91,"Libraries, archives, museums and other cultural activities",16,Other services,High,PSA I-O aggregates the PSIC arts/entertainment/recreation divisions into one I-O industry.,79,"Arts, entertainment and recreation",High,PSA I-O aggregates the PSIC arts/entertainment/recreation divisions into one I-O industry.,234,"Arts, entertainment, and recreation",High,PSA I-O aggregates the PSIC arts/entertainment/recreation divisions into one I-O industry.
2019 update to 2009 PSIC,division,92,Gambling and betting activities,16,Other services,High,PSA I-O aggregates the PSIC arts/entertainment/recreation divisions into one I-O industry.,79,"Arts, entertainment and recreation",High,PSA I-O aggregates the PSIC arts/entertainment/recreation divisions into one I-O industry.,234,"Arts, entertainment, and recreation",High,PSA I-O aggregates the PSIC arts/entertainment/recreation divisions into one I-O industry.
2019 update to 2009 PSIC,division,93,Sports activities and amusement and recreation activities,16,Other services,High,PSA I-O aggregates the PSIC arts/entertainment/recreation divisions into one I-O industry.,79,"Arts, entertainment and recreation",High,PSA I-O aggregates the PSIC arts/entertainment/recreation divisions into one I-O industry.,234,"Arts, entertainment, and recreation",High,PSA I-O aggregates the PSIC arts/entertainment/recreation divisions into one I-O industry.
2019 update to 2009 PSIC,division,94,Activities of membership organizations,16,Other services,Medium,No separately named 240-industry membership-organizations sector is visible; at IO80 it is only defensibly associated with the broad 'Other service activities' aggregate.,80,Other service activities,Medium,No separately named 240-industry membership-organizations sector is visible; at IO80 it is only defensibly associated with the broad 'Other service activities' aggregate.,235; 236; 237; 238; 239; 240,"Repair of computers and personal and household goods | Spa, steam bath, slendering, and body building activities | Beauty treatment, personal grooming activities and other wellness activities, n.e.c. | Laundry services | Funeral and related activities | Other personal service activities",Low,"No single IO240 line is identified. Filled with every IO240 industry inside IO80 80, because an IO80 industry is the sum of its IO240 industries; the PSA 2018 Input-Output Industry Classification should confirm the single line."
2019 update to 2009 PSIC,division,95,Repair of computers and personal and household goods,16,Other services,High,Derived by matching the official PSIC division scope to the published 2018 I-O industry label(s) and hierarchy.,80,Other service activities,High,Derived by matching the official PSIC division scope to the published 2018 I-O industry label(s) and hierarchy.,235,Repair of computers and personal and household goods,High,Derived by matching the official PSIC division scope to the published 2018 I-O industry label(s) and hierarchy.
2019 update to 2009 PSIC,division,96,Other personal service activities,16,Other services,High,Derived by matching the official PSIC division scope to the published 2018 I-O industry label(s) and hierarchy.,80,Other service activities,High,Derived by matching the official PSIC division scope to the published 2018 I-O industry label(s) and hierarchy.,236; 237; 238; 239; 240,"Spa, steam bath, slendering, and body building activities | Beauty treatment, personal grooming activities and other wellness activities, n.e.c. | Laundry services | Funeral and related activities | Other personal service activities",High,Derived by matching the official PSIC division scope to the published 2018 I-O industry label(s) and hierarchy.
2019 update to 2009 PSIC,division,97,Activities of households as employers of domestic personnel,,,Not mapped,No distinct published 240/80 I-O industry corresponding to household employers was identified.,,,Not mapped,No distinct published 240/80 I-O industry corresponding to household employers was identified.,,,Not mapped,No distinct published 240/80 I-O industry corresponding to household employers was identified.
2019 update to 2009 PSIC,division,98,Undifferentiated goods- and services-producing activities of private households for own use,,,Not mapped,No distinct published 240/80 I-O industry corresponding to own-use household production was identified.,,,Not mapped,No distinct published 240/80 I-O industry corresponding to own-use household production was identified.,,,Not mapped,No distinct published 240/80 I-O industry corresponding to own-use household production was identified.
2019 update to 2009 PSIC,division,99,Activities of extraterritorial organizations and bodies,,,Not mapped,No distinct published 240/80 I-O industry corresponding to extraterritorial organizations was identified.,,,Not mapped,No distinct published 240/80 I-O industry corresponding to extraterritorial organizations was identified.,,,Not mapped,No distinct published 240/80 I-O industry corresponding to extraterritorial organizations was identified.
2019 update to 2009 PSIC,group,011,Growing of non-perennial crops,01,"Agriculture, forestry, and fishing",High,Inherited from the group's PSIC division into the published IO16 major industry.,01; 02; 04; 09; 13; 14,"Palay | Corn | Sugarcane including muscovado sugar-making in the farm | Cassava | Tobacco | Other agricultural crops, n.e.c.",High with caveat,The PSIC group maps to a set of IO80 industries; all listed rows together form the target set.,001; 002; 004; 009; 013; 014; 018; 019; 020; 021; 022,"Palay | Corn | Sugarcane including muscovado sugar-making in the farm | Cassava | Tobacco | Sweet potato | Leafy and stem vegetables | Fruit bearing vegetables | Onion | Horticultural specialties and nursery products | Other agricultural crops, n.e.c.",High with caveat,The PSIC crop group spans several commodity-specific I-O industries; the listed IO240 rows together form the target set. Residual crop categories create deliberate overlap.
2019 update to 2009 PSIC,group,012,Growing of perennial crops,01,"Agriculture, forestry, and fishing",High,Inherited from the group's PSIC division into the published IO16 major industry.,03; 05; 06; 07; 08; 10; 11; 12; 14,"Coconut including copra | Banana | Mango | Pineapple | Coffee | Rubber | Cacao | Abaca | Other agricultural crops, n.e.c.",High with caveat,The PSIC group maps to a set of IO80 industries; all listed rows together form the target set.,003; 005; 006; 007; 008; 010; 011; 012; 015; 016; 017; 022,"Coconut including copra | Banana | Mango | Pineapple | Coffee | Rubber | Cacao | Abaca | Citrus fruits | Papaya | Other fruits, n.e.c. | Other agricultural crops, n.e.c.",High with caveat,The PSIC crop group spans several commodity-specific I-O industries; the listed IO240 rows together form the target set. Residual crop categories create deliberate overlap.
2019 update to 2009 PSIC,group,013,Plant propagation,01,"Agriculture, forestry, and fishing",High,Inherited from the group's PSIC division into the published IO16 major industry.,14,"Other agricultural crops, n.e.c.",High,Group scope is contained in this broader IO80 industry.,021,Horticultural specialties and nursery products,High,Plant propagation is represented through the nursery/horticultural I-O industry.
2019 update to 2009 PSIC,group,014,Animal production,01,"Agriculture, forestry, and fishing",High,Inherited from the group's PSIC division into the published IO16 major industry.,15; 16; 17,Livestock | Poultry and egg production | Other animal production,High with caveat,The PSIC group maps to a set of IO80 industries; all listed rows together form the target set.,023; 024; 025; 026; 027; 028; 029; 030,"Hog farming | Cattle farming | Carabao farming | Goat farming | Dairy farming | Chicken | Egg production | Other poultry, livestock and animals, n.e.c.",High with caveat,The PSIC group spans multiple published IO240 industries; all listed rows together form the target set.
2019 update to 2009 PSIC,group,015,Support activities to agriculture and post-harvest crop activities,01,"Agriculture, forestry, and fishing",High,Inherited from the group's PSIC division into the published IO16 major industry.,20,"Support activities to agriculture, forestry and fishing",High,Group scope is contained in this broader IO80 industry.,038,"Support activities to agriculture, forestry and fishing",High,Group scope aligns closely with the published IO240 industry within its PSIC division.
2019 update to 2009 PSIC,group,017,"Hunting, trapping and related service activities",01,"Agriculture, forestry, and fishing",High,Inherited from the group's PSIC division into the published IO16 major industry.,17,Other animal production,High,Group scope is contained in this broader IO80 industry.,030,"Other poultry, livestock and animals, n.e.c.",Medium,Hunting/trapping has no distinct IO240 line; assigned to the residual other-animal-production industry as a best-fit analytical relation.
2019 update to 2009 PSIC,group,021,Silviculture and other forestry activities,01,"Agriculture, forestry, and fishing",High,Inherited from the group's PSIC division into the published IO16 major industry.,18,Forestry and logging,High,Group scope is contained in this broader IO80 industry.,031,Forestry and logging,High,Group scope aligns closely with the published IO240 industry within its PSIC division.
2019 update to 2009 PSIC,group,022,Logging,01,"Agriculture, forestry, and fishing",High,Inherited from the group's PSIC division into the published IO16 major industry.,18,Forestry and logging,High,Group scope is contained in this broader IO80 industry.,031,Forestry and logging,High,Group scope aligns closely with the published IO240 industry within its PSIC division.
2019 update to 2009 PSIC,group,023,Gathering of non-wood forest products,01,"Agriculture, forestry, and fishing",High,Inherited from the group's PSIC division into the published IO16 major industry.,18,Forestry and logging,High,Group scope is contained in this broader IO80 industry.,031,Forestry and logging,High,Group scope aligns closely with the published IO240 industry within its PSIC division.
2019 update to 2009 PSIC,group,024,Support services to forestry,01,"Agriculture, forestry, and fishing",High,Inherited from the group's PSIC division into the published IO16 major industry.,20,"Support activities to agriculture, forestry and fishing",High,Group scope is contained in this broader IO80 industry.,038,"Support activities to agriculture, forestry and fishing",High,Group scope aligns closely with the published IO240 industry within its PSIC division.
2019 update to 2009 PSIC,group,031,Fishing,01,"Agriculture, forestry, and fishing",High,Inherited from the group's PSIC division into the published IO16 major industry.,19; 20,"Fishing and aquaculture | Support activities to agriculture, forestry and fishing",High with caveat,Capture fishing is represented in Fishing and aquaculture; the shared support-activities aggregate is also retained.,032; 033; 035; 037; 038,"Ocean fishing (including fish corals) | Inland and coastal fishing | Pearl culture and pearl shell gathering | Mollusks and other crustacean farm operations (except prawn farm operations) and other fishing activities, n.e.c | Support activities to agriculture, forestry and fishing",High with caveat,Fishing maps to capture-fishing lines plus shared fishing-support/residual activities; the relation is set-based and overlapping.
2019 update to 2009 PSIC,group,032,Aquaculture,01,"Agriculture, forestry, and fishing",High,Inherited from the group's PSIC division into the published IO16 major industry.,19,Fishing and aquaculture,High,Group scope is contained in this broader IO80 industry.,034; 035; 036; 037,"Prawn culture and Operation of fish farms and nurseries | Pearl culture and pearl shell gathering | Seaweeds farming | Mollusks and other crustacean farm operations (except prawn farm operations) and other fishing activities, n.e.c",High with caveat,Aquaculture maps to the aquaculture-specific I-O lines; pearl and residual fishing/aquaculture lines are shared at the I-O boundary.
2019 update to 2009 PSIC,group,051,Mining of hard coal,02,Mining and quarrying,High,Inherited from the group's PSIC division into the published IO16 major industry.,21,Coal,High,Group scope is contained in this broader IO80 industry.,039,Coal and ligmite,High,Group scope aligns closely with the published IO240 industry within its PSIC division.
2019 update to 2009 PSIC,group,052,Mining of lignite,02,Mining and quarrying,High,Inherited from the group's PSIC division into the published IO16 major industry.,21,Coal,High,Group scope is contained in this broader IO80 industry.,039,Coal and ligmite,High,Group scope aligns closely with the published IO240 industry within its PSIC division.
2019 update to 2009 PSIC,group,061,Extraction of crude petroleum,02,Mining and quarrying,High,Inherited from the group's PSIC division into the published IO16 major industry.,22,Crude petroleum and natural gas,High,Group scope is contained in this broader IO80 industry.,040,Crude petroleum and natural gas,High,Group scope aligns closely with the published IO240 industry within its PSIC division.
2019 update to 2009 PSIC,group,062,Extraction of natural gas,02,Mining and quarrying,High,Inherited from the group's PSIC division into the published IO16 major industry.,22,Crude petroleum and natural gas,High,Group scope is contained in this broader IO80 industry.,040,Crude petroleum and natural gas,High,Group scope aligns closely with the published IO240 industry within its PSIC division.
2019 update to 2009 PSIC,group,071,Mining of iron ores,02,Mining and quarrying,Medium,Inherited from the group's PSIC division into the published IO16 major industry.,26,"Stone quarrying, and other mining and quarrying",Medium,Iron ores are not separately named at IO80; assigned to the residual mining/quarrying aggregate.,045,Other mining and quarrying,Medium,Iron ores are not separately named in IO240; assigned to the residual other-mining-and-quarrying industry.
2019 update to 2009 PSIC,group,072,Mining of non-ferrous metal ores,02,Mining and quarrying,High,Inherited from the group's PSIC division into the published IO16 major industry.,23; 24; 25; 26,"Gold and other precious metal ores | Nickel ores | Copper ores | Stone quarrying, and other mining and quarrying",High with caveat,Non-ferrous metal ores spans several separately named IO80 metal-ore industries plus the residual mining aggregate.,041; 042; 043; 045,Gold and other precious metal ores | Nickel ores | Copper ores | Other mining and quarrying,High with caveat,"Non-ferrous metal ores spans the separately named precious-metal, nickel and copper sectors plus residual non-ferrous ores."
2019 update to 2009 PSIC,group,081,"Quarrying of stone, sand and clay",02,Mining and quarrying,High,Inherited from the group's PSIC division into the published IO16 major industry.,26,"Stone quarrying, and other mining and quarrying",High,Group scope is contained in this broader IO80 industry.,044,"Quarrying of stone, clay, gravel and sand",High,Group scope aligns closely with the published IO240 industry within its PSIC division.
2019 update to 2009 PSIC,group,089,"Mining and quarrying, n.e.c.",02,Mining and quarrying,High,Inherited from the group's PSIC division into the published IO16 major industry.,26,"Stone quarrying, and other mining and quarrying",High,Group scope is contained in this broader IO80 industry.,045,Other mining and quarrying,High,Group scope aligns closely with the published IO240 industry within its PSIC division.
2019 update to 2009 PSIC,group,091,Support activities for petroleum and gas extraction,02,Mining and quarrying,Medium,Inherited from the group's PSIC division into the published IO16 major industry.,26,"Stone quarrying, and other mining and quarrying",High,Group scope is contained in this broader IO80 industry.,045,Other mining and quarrying,Low,Mining support services are not separately published in IO240; assigned to residual other mining and quarrying with low confidence.
2019 update to 2009 PSIC,group,099,Support activities for other mining and quarrying,02,Mining and quarrying,Medium,Inherited from the group's PSIC division into the published IO16 major industry.,26,"Stone quarrying, and other mining and quarrying",High,Group scope is contained in this broader IO80 industry.,045,Other mining and quarrying,Low,Mining support services are not separately published in IO240; assigned to residual other mining and quarrying with low confidence.
2019 update to 2009 PSIC,group,101,Processing and preserving of meat,03,Manufacturing,High,Inherited from the group's PSIC division into the published IO16 major industry.,27,Food products,High,Group scope is contained in this broader IO80 industry.,046; 047,"Slaughtering and meat packing | Production, processing and preserving of meat and meat products",High with caveat,The PSIC group spans multiple published IO240 industries; all listed rows together form the target set.
2019 update to 2009 PSIC,group,102,"Processing and preserving of fish, crustaceans and mollusks",03,Manufacturing,High,Inherited from the group's PSIC division into the published IO16 major industry.,27,Food products,High,Group scope is contained in this broader IO80 industry.,048; 049,Canning/packing of fish and other marine products | Other types of processing of fish and other marine products,High with caveat,The PSIC group spans multiple published IO240 industries; all listed rows together form the target set.
2019 update to 2009 PSIC,group,103,Processing and preserving of fruits and vegetables,03,Manufacturing,High,Inherited from the group's PSIC division into the published IO16 major industry.,27,Food products,High,Group scope is contained in this broader IO80 industry.,050,Processing and preserving of fruits and vegetables,High,Group scope aligns closely with the published IO240 industry within its PSIC division.
2019 update to 2009 PSIC,group,104,Manufacture of vegetable and animal oils and fats,03,Manufacturing,High,Inherited from the group's PSIC division into the published IO16 major industry.,27,Food products,High,Group scope is contained in this broader IO80 industry.,051; 052,"Virgin coconut oil, dessicated coconut, and nata de coco | Vegetable and animal oils and fats, n.e.c.",High with caveat,The PSIC group spans multiple published IO240 industries; all listed rows together form the target set.
2019 update to 2009 PSIC,group,105,Manufacture of dairy products,03,Manufacturing,High,Inherited from the group's PSIC division into the published IO16 major industry.,27,Food products,High,Group scope is contained in this broader IO80 industry.,053; 054; 055; 056,"Milk and cream | Butter, cheese and curd | Ice cream and sherbet, ice drop, ice candy and other flavored ices | Other dairy products, n.e.c.",High with caveat,The PSIC group spans multiple published IO240 industries; all listed rows together form the target set.
2019 update to 2009 PSIC,group,106,"Manufacture of grain mill products, starches and starch products",03,Manufacturing,High,Inherited from the group's PSIC division into the published IO16 major industry.,27,Food products,High,Group scope is contained in this broader IO80 industry.,057; 058; 059,"Rice/corn milling | Grain and vegetable mill products, except rice and corn | Starches and starch products",High with caveat,The PSIC group spans multiple published IO240 industries; all listed rows together form the target set.
2019 update to 2009 PSIC,group,107,Manufacture of other food products,03,Manufacturing,High,Inherited from the group's PSIC division into the published IO16 major industry.,27,Food products,High,Group scope is contained in this broader IO80 industry.,060; 061; 062; 063; 064; 065; 066; 067,"Bakery products | Sugar other sugarcane products | Cocoa, chocolate and sugar confectionery | Macaroni, noodles, couscous and similar farinaceous products | Prepared meals and dishes | Food supplements from herbs and other plants | Coffee roasting and processing | Food products, n.e.c.",High with caveat,The PSIC group spans multiple published IO240 industries; all listed rows together form the target set.
2019 update to 2009 PSIC,group,108,Manufacture of prepared animal feeds,03,Manufacturing,High,Inherited from the group's PSIC division into the published IO16 major industry.,27,Food products,High,Group scope is contained in this broader IO80 industry.,068,Animal feeds,High,Group scope aligns closely with the published IO240 industry within its PSIC division.
2019 update to 2009 PSIC,group,110,Manufacture of beverages,03,Manufacturing,High,Inherited from the group's PSIC division into the published IO16 major industry.,28,Beverages,High,Group scope is contained in this broader IO80 industry.,069; 070; 071; 072; 073; 074,"Alcoholic liquors and wine | Malt liquors and malt | Soft drinks | Drinks flavored with fruit juices, syrups or other materials | Drinking water and mineral water | Other beverages, n.e.c.",High with caveat,The PSIC group spans multiple published IO240 industries; all listed rows together form the target set.
2019 update to 2009 PSIC,group,120,Manufacture of tobacco products,03,Manufacturing,High,Inherited from the group's PSIC division into the published IO16 major industry.,29,Tobacco products,High,Group scope is contained in this broader IO80 industry.,075; 076; 077,"Cigarettes | Cigars and chewing and smoking tobacco, snuff | Tobacco leaf flue-curing and re-drying and other tobacco manufacturing, n.e.c.",High with caveat,The PSIC group spans multiple published IO240 industries; all listed rows together form the target set.
2019 update to 2009 PSIC,group,131,"Spinning, weaving and finishing of textiles",03,Manufacturing,High,Inherited from the group's PSIC division into the published IO16 major industry.,30,Textiles,High,Group scope is contained in this broader IO80 industry.,078,"Spinning, texturizing, weaving and finishing of textiles",High,Group scope aligns closely with the published IO240 industry within its PSIC division.
2019 update to 2009 PSIC,group,139,Manufacture of other textiles,03,Manufacturing,High,Inherited from the group's PSIC division into the published IO16 major industry.,30,Textiles,High,Group scope is contained in this broader IO80 industry.,079; 081; 082; 083; 084; 085; 086,"Knitted and crocheted fabrics | Knitted and crocheted fabrics, n.e.c. | Made-up textile articles, except wearing apparel | Carpets and rugs | Cordage, rope, twine and netting | Embroidered fabrics | Other textiles, n.e.c.",High with caveat,The PSIC group spans multiple published IO240 industries; all listed rows together form the target set.
2019 update to 2009 PSIC,group,141,"Manufacture of wearing apparel, except fur apparel",03,Manufacturing,High,Inherited from the group's PSIC division into the published IO16 major industry.,31,Wearing apparel,High,Group scope is contained in this broader IO80 industry.,087; 088,Ready-made garments manufacturing (excluding embroidered garments) | Ready-made embroidered garments manufacturing,High with caveat,The PSIC group spans multiple published IO240 industries; all listed rows together form the target set.
2019 update to 2009 PSIC,group,142,Custom tailoring and dressmaking,03,Manufacturing,High,Inherited from the group's PSIC division into the published IO16 major industry.,31,Wearing apparel,High,Group scope is contained in this broader IO80 industry.,089,Custom tailoring and dressmaking,High,Group scope aligns closely with the published IO240 industry within its PSIC division.
2019 update to 2009 PSIC,group,143,Manufacture of knitted and crocheted apparel,03,Manufacturing,High,Inherited from the group's PSIC division into the published IO16 major industry.,30,Textiles,High,"Official 2018 I-O hierarchy places IO240 080 under IO80 30 (Textiles), even though PSIC group 143 belongs to PSIC division 14.",080,"Knitted or crocheted hosiery, underwear and outerwear  when knitted or crocheted directly into shape",High,Group scope aligns closely with the published IO240 industry within its PSIC division.
2019 update to 2009 PSIC,group,144,Manufacture of articles of fur,03,Manufacturing,High,Inherited from the group's PSIC division into the published IO16 major industry.,31,Wearing apparel,High,Group scope is contained in this broader IO80 industry.,090,"Other wearing apparel, n.e.c.",High,Group scope aligns closely with the published IO240 industry within its PSIC division.
2019 update to 2009 PSIC,group,151,Tanning and dressing of leather; manufacture of luggage and handbags,03,Manufacturing,High,Inherited from the group's PSIC division into the published IO16 major industry.,32,"Leather and related products, including footwear",High,Group scope is contained in this broader IO80 industry.,091; 092,Tanning and dressing of leather | Products of leather and imitation leather,High with caveat,The PSIC group spans multiple published IO240 industries; all listed rows together form the target set.
2019 update to 2009 PSIC,group,152,Manufacture of footwear,03,Manufacturing,High,Inherited from the group's PSIC division into the published IO16 major industry.,32,"Leather and related products, including footwear",High,Group scope is contained in this broader IO80 industry.,093; 094,"Shoes | Other footwear, n.e.c.",High with caveat,The PSIC group spans multiple published IO240 industries; all listed rows together form the target set.
2019 update to 2009 PSIC,group,161,Sawmilling and planing of wood,03,Manufacturing,High,Inherited from the group's PSIC division into the published IO16 major industry.,33,"Wood, bamboo, cane, rattan articles and related products",High,Group scope is contained in this broader IO80 industry.,095,Sawmilling and planing of wood,High,Group scope aligns closely with the published IO240 industry within its PSIC division.
2019 update to 2009 PSIC,group,162,"Manufacture of products of wood, cork, straw and plaiting materials",03,Manufacturing,High,Inherited from the group's PSIC division into the published IO16 major industry.,33,"Wood, bamboo, cane, rattan articles and related products",High,Group scope is contained in this broader IO80 industry.,096; 097; 098; 099; 100; 101,"Veneer sheets and plywoods | Laminboard, particle board and other panels and board | Builders' carpentry and joinery; millworking | Wood carvings | Products of bamboo, cane, rattan and the like, and plaiting materials except furniture | Other products of wood, except furniture, n.e.c.",High with caveat,The PSIC group spans multiple published IO240 industries; all listed rows together form the target set.
2019 update to 2009 PSIC,group,170,Manufacture of paper and paper products,03,Manufacturing,High,Inherited from the group's PSIC division into the published IO16 major industry.,34,Paper and paper products,High,Group scope is contained in this broader IO80 industry.,102; 103; 104,"Pulp,  paper and paperboard | Containers and boxes of paper and paperboard | Other articles of paper and paperboard",High with caveat,The PSIC group spans multiple published IO240 industries; all listed rows together form the target set.
2019 update to 2009 PSIC,group,181,Printing and service activities related to printing,03,Manufacturing,High,Inherited from the group's PSIC division into the published IO16 major industry.,35,Printing and reproduction of recorded media,High,Group scope is contained in this broader IO80 industry.,105,"Printing, and service activities related to printing",High,Group scope aligns closely with the published IO240 industry within its PSIC division.
2019 update to 2009 PSIC,group,182,Reproduction of recorded media,03,Manufacturing,High,Inherited from the group's PSIC division into the published IO16 major industry.,35,Printing and reproduction of recorded media,High,Group scope is contained in this broader IO80 industry.,106,Reproduction of recorded media,High,Group scope aligns closely with the published IO240 industry within its PSIC division.
2019 update to 2009 PSIC,group,191,Manufacture of coke oven products,03,Manufacturing,High,Inherited from the group's PSIC division into the published IO16 major industry.,36,Coke and refined petroleum products,High,Group scope is contained in this broader IO80 industry.,108,Other petroleum products,Medium,No separately named coke/other-fuel line; assigned within the division's residual petroleum-products I-O industry.
2019 update to 2009 PSIC,group,192,Manufacture of refined petroleum products,03,Manufacturing,High,Inherited from the group's PSIC division into the published IO16 major industry.,36,Coke and refined petroleum products,High,Group scope is contained in this broader IO80 industry.,107,Refined petroleum products,High,Group scope aligns closely with the published IO240 industry within its PSIC division.
2019 update to 2009 PSIC,group,199,Manufacture of other fuel products,03,Manufacturing,High,Inherited from the group's PSIC division into the published IO16 major industry.,36,Coke and refined petroleum products,High,Group scope is contained in this broader IO80 industry.,108,Other petroleum products,Medium,No separately named coke/other-fuel line; assigned within the division's residual petroleum-products I-O industry.
2019 update to 2009 PSIC,group,201,Manufacture of basic chemicals,03,Manufacturing,High,Inherited from the group's PSIC division into the published IO16 major industry.,37,Chemical and chemical products,High,Group scope is contained in this broader IO80 industry.,109; 110; 111,Basic chemicals except fertilizers and nitrogen compounds | Fertilizers and nitrogen compounds | Plastics in primary forms and of synthetic rubber,High with caveat,The PSIC group spans multiple published IO240 industries; all listed rows together form the target set.
2019 update to 2009 PSIC,group,202,"Manufacture of other chemical products, n.e.c.",03,Manufacturing,High,Inherited from the group's PSIC division into the published IO16 major industry.,37,Chemical and chemical products,High,Group scope is contained in this broader IO80 industry.,112; 113; 114; 115,"Pesticides and other agro- chemical products | Paints, varnishes and similar coatings, printing ink and mastics | Soap and detergents, cleaning and polishing preparations, perfumes and toilet preparations | Other chemical products, n.e.c.",High with caveat,The PSIC group spans multiple published IO240 industries; all listed rows together form the target set.
2019 update to 2009 PSIC,group,203,Manufacture of man-made fibers,03,Manufacturing,High,Inherited from the group's PSIC division into the published IO16 major industry.,37,Chemical and chemical products,High,Group scope is contained in this broader IO80 industry.,115,"Other chemical products, n.e.c.",Medium,"Man-made fibres are not separately named in IO240; assigned to other chemical products, n.e.c."
2019 update to 2009 PSIC,group,210,"Manufacture of pharmaceuticals, medicinal chemical and botanical products",03,Manufacturing,High,Inherited from the group's PSIC division into the published IO16 major industry.,38,Basic pharmaceutical products and pharmaceutical preparations,High,Group scope is contained in this broader IO80 industry.,116,Basic pharmaceutical products and pharmaceutical preparations,High,Group scope aligns closely with the published IO240 industry within its PSIC division.
2019 update to 2009 PSIC,group,221,Manufacture of rubber products,03,Manufacturing,High,Inherited from the group's PSIC division into the published IO16 major industry.,39,Rubber and plastic products,High,Group scope is contained in this broader IO80 industry.,117,Rubber products,High,Group scope aligns closely with the published IO240 industry within its PSIC division.
2019 update to 2009 PSIC,group,222,Manufacture of plastics products,03,Manufacturing,High,Inherited from the group's PSIC division into the published IO16 major industry.,39,Rubber and plastic products,High,Group scope is contained in this broader IO80 industry.,118,Plastic products,High,Group scope aligns closely with the published IO240 industry within its PSIC division.
2019 update to 2009 PSIC,group,231,Manufacture of glass and glass products,03,Manufacturing,High,Inherited from the group's PSIC division into the published IO16 major industry.,40,Other non-metallic mineral products,High,Group scope is contained in this broader IO80 industry.,119; 120,Flat glass (including float glass) | Glass and glass products,High with caveat,The PSIC group spans multiple published IO240 industries; all listed rows together form the target set.
2019 update to 2009 PSIC,group,239,"Manufacture of non-metallic mineral products, n.e.c.",03,Manufacturing,High,Inherited from the group's PSIC division into the published IO16 major industry.,40,Other non-metallic mineral products,High,Group scope is contained in this broader IO80 industry.,121; 122,"Cement | Other non-metallic mineral products, n.e.c.",High with caveat,The PSIC group spans multiple published IO240 industries; all listed rows together form the target set.
2019 update to 2009 PSIC,group,241,Manufacture of basic iron and steel,03,Manufacturing,High,Inherited from the group's PSIC division into the published IO16 major industry.,41,Basic metals,High,Group scope is contained in this broader IO80 industry.,123,Basic iron and steel,High,Group scope aligns closely with the published IO240 industry within its PSIC division.
2019 update to 2009 PSIC,group,242,Manufacture of basic precious and other non-ferrous metals,03,Manufacturing,High,Inherited from the group's PSIC division into the published IO16 major industry.,41,Basic metals,High,Group scope is contained in this broader IO80 industry.,125,Basic precious and non-ferrous metals,High,Group scope aligns closely with the published IO240 industry within its PSIC division.
2019 update to 2009 PSIC,group,243,Casting of metals,03,Manufacturing,High,Inherited from the group's PSIC division into the published IO16 major industry.,41,Basic metals,High,Group scope is contained in this broader IO80 industry.,124; 126,Casting/foundry of iron and steel | Non-ferrous metal casting,High with caveat,The PSIC group spans multiple published IO240 industries; all listed rows together form the target set.
2019 update to 2009 PSIC,group,251,"Manufacture of structural metal products, tanks, reservoirs and steam generators",03,Manufacturing,High,Inherited from the group's PSIC division into the published IO16 major industry.,42,"Fabricated metal products, except machinery and equipment",High,Group scope is contained in this broader IO80 industry.,127; 128,Structural metal products | Metal containers,High with caveat,The PSIC group spans multiple published IO240 industries; all listed rows together form the target set.
2019 update to 2009 PSIC,group,252,Manufacture of weapons and ammunition,03,Manufacturing,High,Inherited from the group's PSIC division into the published IO16 major industry.,42,"Fabricated metal products, except machinery and equipment",High,Group scope is contained in this broader IO80 industry.,131,"Other fabricated metal products, n.e.c.",Medium,"Weapons and ammunition are not separately named in IO240; assigned to other fabricated metal products, n.e.c."
2019 update to 2009 PSIC,group,259,Manufacture of other fabricated metal products; metal working service activities,03,Manufacturing,High,Inherited from the group's PSIC division into the published IO16 major industry.,42,"Fabricated metal products, except machinery and equipment",High,Group scope is contained in this broader IO80 industry.,129; 130; 131,"Forging, pressing, stamping and roll-forming of metal; powder metallurgy | Cutlery, hand  tools and general hardware | Other fabricated metal products, n.e.c.",High with caveat,The PSIC group spans multiple published IO240 industries; all listed rows together form the target set.
2019 update to 2009 PSIC,group,261,Manufacture of electronic components,03,Manufacturing,High,Inherited from the group's PSIC division into the published IO16 major industry.,43,"Computer, electronic and optical products",High,Group scope is contained in this broader IO80 industry.,132; 133,Electronic valves and tubes | Semi-conductor devices and other electronic components,High with caveat,The PSIC group spans multiple published IO240 industries; all listed rows together form the target set.
2019 update to 2009 PSIC,group,262,Manufacture of computers and peripheral equipment and accessories,03,Manufacturing,High,Inherited from the group's PSIC division into the published IO16 major industry.,43,"Computer, electronic and optical products",High,Group scope is contained in this broader IO80 industry.,134,Computers and peripheral equipment and accessories,High,Group scope aligns closely with the published IO240 industry within its PSIC division.
2019 update to 2009 PSIC,group,263,Manufacture of communication equipment,03,Manufacturing,High,Inherited from the group's PSIC division into the published IO16 major industry.,43,"Computer, electronic and optical products",High,Group scope is contained in this broader IO80 industry.,135,Communication equipment,High,Group scope aligns closely with the published IO240 industry within its PSIC division.
2019 update to 2009 PSIC,group,264,Manufacture of consumer electronics,03,Manufacturing,High,Inherited from the group's PSIC division into the published IO16 major industry.,43,"Computer, electronic and optical products",High,Group scope is contained in this broader IO80 industry.,136,Consumer electronics,High,Group scope aligns closely with the published IO240 industry within its PSIC division.
2019 update to 2009 PSIC,group,265,"Manufacture of measuring, testing, navigating and control equipment; watches and clocks",03,Manufacturing,High,Inherited from the group's PSIC division into the published IO16 major industry.,43,"Computer, electronic and optical products",High,Group scope is contained in this broader IO80 industry.,137; 138,"Measuring, testing, navigating and control equipment | Watches and clocks",High with caveat,The PSIC group spans multiple published IO240 industries; all listed rows together form the target set.
2019 update to 2009 PSIC,group,266,"Manufacture of irradiation, electromedical and electrotherapeutic equipment",03,Manufacturing,High,Inherited from the group's PSIC division into the published IO16 major industry.,43,"Computer, electronic and optical products",High,Group scope is contained in this broader IO80 industry.,139,"Irradiation, electromedical and electrotherapeutic equipment",High,Group scope aligns closely with the published IO240 industry within its PSIC division.
2019 update to 2009 PSIC,group,267,Manufacture of optical instruments and photographic equipment,03,Manufacturing,High,Inherited from the group's PSIC division into the published IO16 major industry.,43,"Computer, electronic and optical products",High,Group scope is contained in this broader IO80 industry.,140,Optical instruments and photographic equipment,High,Group scope aligns closely with the published IO240 industry within its PSIC division.
2019 update to 2009 PSIC,group,268,Manufacture of magnetic and optical media,03,Manufacturing,High,Inherited from the group's PSIC division into the published IO16 major industry.,43,"Computer, electronic and optical products",High,Group scope is contained in this broader IO80 industry.,141,Magnetic and optical media,High,Group scope aligns closely with the published IO240 industry within its PSIC division.
2019 update to 2009 PSIC,group,271,"Manufacture of electric motors, generators, transformers and electricity distribution and control apparatus",03,Manufacturing,High,Inherited from the group's PSIC division into the published IO16 major industry.,44,Electrical equipment,High,Group scope is contained in this broader IO80 industry.,142,"Electric motors, generators and transformers and electric generating sets",High,Group scope aligns closely with the published IO240 industry within its PSIC division.
2019 update to 2009 PSIC,group,272,Manufacture of batteries and accumulators,03,Manufacturing,High,Inherited from the group's PSIC division into the published IO16 major industry.,44,Electrical equipment,High,Group scope is contained in this broader IO80 industry.,143,Batteries and accumulators,High,Group scope aligns closely with the published IO240 industry within its PSIC division.
2019 update to 2009 PSIC,group,273,Manufacture of wiring and wiring devices,03,Manufacturing,High,Inherited from the group's PSIC division into the published IO16 major industry.,44,Electrical equipment,High,Group scope is contained in this broader IO80 industry.,144,Wiring and wiring devices,High,Group scope aligns closely with the published IO240 industry within its PSIC division.
2019 update to 2009 PSIC,group,274,Manufacture of electric lighting equipment,03,Manufacturing,High,Inherited from the group's PSIC division into the published IO16 major industry.,44,Electrical equipment,High,Group scope is contained in this broader IO80 industry.,145,Electric lighting equipment,High,Group scope aligns closely with the published IO240 industry within its PSIC division.
2019 update to 2009 PSIC,group,275,Manufacture of domestic appliances,03,Manufacturing,High,Inherited from the group's PSIC division into the published IO16 major industry.,44,Electrical equipment,High,Group scope is contained in this broader IO80 industry.,146,Domestic appliances,High,Group scope aligns closely with the published IO240 industry within its PSIC division.
2019 update to 2009 PSIC,group,279,Manufacture of other electrical equipment,03,Manufacturing,High,Inherited from the group's PSIC division into the published IO16 major industry.,44,Electrical equipment,High,Group scope is contained in this broader IO80 industry.,147,Other electrical equipment,High,Group scope aligns closely with the published IO240 industry within its PSIC division.
2019 update to 2009 PSIC,group,281,Manufacture of general purpose machinery,03,Manufacturing,High,Inherited from the group's PSIC division into the published IO16 major industry.,45,Machinery and equipment except electrical,High,Group scope is contained in this broader IO80 industry.,148; 149; 150; 151,"Engines and turbines, except  aircraft, vehicle and cycle engines | Pumps, compressors, taps and valves | Office machinery and equipment (except computers and peripheral equipment) | Other general  purpose machinery",High with caveat,The PSIC group spans multiple published IO240 industries; all listed rows together form the target set.
2019 update to 2009 PSIC,group,282,Manufacture of special purpose machinery,03,Manufacturing,High,Inherited from the group's PSIC division into the published IO16 major industry.,45,Machinery and equipment except electrical,High,Group scope is contained in this broader IO80 industry.,152; 153; 154,"Agricultural and forestry machinery | Machinery for mining, quarrying and construction | Other special  purpose machinery",High with caveat,The PSIC group spans multiple published IO240 industries; all listed rows together form the target set.
2019 update to 2009 PSIC,group,291,Manufacture of motor vehicles,03,Manufacturing,High,Inherited from the group's PSIC division into the published IO16 major industry.,46,Transport equipment,High,Group scope is contained in this broader IO80 industry.,155,"Motor Vehicles, Trailers and Semi-Trailers",High,Group scope aligns closely with the published IO240 industry within its PSIC division.
2019 update to 2009 PSIC,group,292,Manufacture of bodies (coachwork) for motor vehicles; manufacture of trailers and semi-trailers,03,Manufacturing,High,Inherited from the group's PSIC division into the published IO16 major industry.,46,Transport equipment,High,Group scope is contained in this broader IO80 industry.,155,"Motor Vehicles, Trailers and Semi-Trailers",High,Group scope aligns closely with the published IO240 industry within its PSIC division.
2019 update to 2009 PSIC,group,293,Manufacture of parts and accessories for motor vehicles,03,Manufacturing,High,Inherited from the group's PSIC division into the published IO16 major industry.,46,Transport equipment,High,Group scope is contained in this broader IO80 industry.,155,"Motor Vehicles, Trailers and Semi-Trailers",High,Group scope aligns closely with the published IO240 industry within its PSIC division.
2019 update to 2009 PSIC,group,301,Building of ships and boats,03,Manufacturing,High,Inherited from the group's PSIC division into the published IO16 major industry.,46,Transport equipment,High,Group scope is contained in this broader IO80 industry.,156,Building of ships and boats,High,Group scope aligns closely with the published IO240 industry within its PSIC division.
2019 update to 2009 PSIC,group,302,Manufacture of railway locomotives and rolling stock,03,Manufacturing,High,Inherited from the group's PSIC division into the published IO16 major industry.,46,Transport equipment,High,Group scope is contained in this broader IO80 industry.,157,Railway locomotive and rolling stock,High,Group scope aligns closely with the published IO240 industry within its PSIC division.
2019 update to 2009 PSIC,group,303,Manufacture of air and spacecraft and related machinery,03,Manufacturing,High,Inherited from the group's PSIC division into the published IO16 major industry.,46,Transport equipment,High,Group scope is contained in this broader IO80 industry.,158,Air and spacecraft and related machinery,High,Group scope aligns closely with the published IO240 industry within its PSIC division.
2019 update to 2009 PSIC,group,304,Manufacture of military fighting vehicles,03,Manufacturing,High,Inherited from the group's PSIC division into the published IO16 major industry.,46,Transport equipment,High,Group scope is contained in this broader IO80 industry.,161,"Other transport equipment, n.e.c.",Medium,"Military fighting vehicles are not separately named in IO240; assigned to other transport equipment, n.e.c."
2019 update to 2009 PSIC,group,309,"Manufacture of transport equipment, n.e.c.",03,Manufacturing,High,Inherited from the group's PSIC division into the published IO16 major industry.,46,Transport equipment,High,Group scope is contained in this broader IO80 industry.,159; 160; 161,"Motorcyles | Bicycles and invalid carriages | Other transport equipment, n.e.c.",High with caveat,The PSIC group spans multiple published IO240 industries; all listed rows together form the target set.
2019 update to 2009 PSIC,group,310,Manufacture of furniture,03,Manufacturing,High,Inherited from the group's PSIC division into the published IO16 major industry.,47,Furniture,High,Group scope is contained in this broader IO80 industry.,162; 163; 164; 165,"Wood and rattan furniture (reed, wicker, and cane) | Plastic furniture | Furniture and fixtures of metal | Other furniture and fixtures,n.e.c.",High with caveat,The PSIC group spans multiple published IO240 industries; all listed rows together form the target set.
2019 update to 2009 PSIC,group,321,"Manufacture of jewelry, bijouterie and related articles",03,Manufacturing,High,Inherited from the group's PSIC division into the published IO16 major industry.,48,Other manufacturing,High,Group scope is contained in this broader IO80 industry.,166,"Jewelry, bijouterie and related articles",High,Group scope aligns closely with the published IO240 industry within its PSIC division.
2019 update to 2009 PSIC,group,322,Manufacture of musical instruments,03,Manufacturing,High,Inherited from the group's PSIC division into the published IO16 major industry.,48,Other manufacturing,High,Group scope is contained in this broader IO80 industry.,167,Musical instruments,High,Group scope aligns closely with the published IO240 industry within its PSIC division.
2019 update to 2009 PSIC,group,323,Manufacture of sports goods,03,Manufacturing,High,Inherited from the group's PSIC division into the published IO16 major industry.,48,Other manufacturing,High,Group scope is contained in this broader IO80 industry.,168,Sports goods,High,Group scope aligns closely with the published IO240 industry within its PSIC division.
2019 update to 2009 PSIC,group,324,Manufacture of games and toys,03,Manufacturing,High,Inherited from the group's PSIC division into the published IO16 major industry.,48,Other manufacturing,High,Group scope is contained in this broader IO80 industry.,169,Games and toys,High,Group scope aligns closely with the published IO240 industry within its PSIC division.
2019 update to 2009 PSIC,group,325,Manufacture of medical and dental instruments and supplies,03,Manufacturing,High,Inherited from the group's PSIC division into the published IO16 major industry.,48,Other manufacturing,High,Group scope is contained in this broader IO80 industry.,170,Medical and dental instruments and supplies,High,Group scope aligns closely with the published IO240 industry within its PSIC division.
2019 update to 2009 PSIC,group,329,"Other manufacturing, n.e.c.",03,Manufacturing,High,Inherited from the group's PSIC division into the published IO16 major industry.,48,Other manufacturing,High,Group scope is contained in this broader IO80 industry.,171,"Other manufacturing, n.e.c.",High,Group scope aligns closely with the published IO240 industry within its PSIC division.
2019 update to 2009 PSIC,group,331,"Repair of fabricated metal products, machinery and equipment",03,Manufacturing,High,Inherited from the group's PSIC division into the published IO16 major industry.,48,Other manufacturing,High,Group scope is contained in this broader IO80 industry.,171,"Other manufacturing, n.e.c.",Medium,Repair/installation has no distinct IO240 line in the published classification; inherited into the division's residual other-manufacturing line.
2019 update to 2009 PSIC,group,332,Installation of industrial machinery and equipment,03,Manufacturing,High,Inherited from the group's PSIC division into the published IO16 major industry.,48,Other manufacturing,High,Group scope is contained in this broader IO80 industry.,171,"Other manufacturing, n.e.c.",Medium,Repair/installation has no distinct IO240 line in the published classification; inherited into the division's residual other-manufacturing line.
2019 update to 2009 PSIC,group,351,"Electric power generation, transmission and distribution",04,"Electricity, steam, water and waste management",High,Inherited from the group's PSIC division into the published IO16 major industry.,49,Electricity,High,Group scope is contained in this broader IO80 industry.,172,"Electric power generation, transmission and distribution",High,Group scope aligns closely with the published IO240 industry within its PSIC division.
2019 update to 2009 PSIC,group,352,Manufacture of gas; distribution of gaseous fuels through mains,04,"Electricity, steam, water and waste management",High,Inherited from the group's PSIC division into the published IO16 major industry.,50,Steam,High,Group scope is contained in this broader IO80 industry.,173,Steam and hot water supply; and manufacture and distribution of gas,High,Group scope aligns closely with the published IO240 industry within its PSIC division.
2019 update to 2009 PSIC,group,353,"Steam, air conditioning supply and production of ice",04,"Electricity, steam, water and waste management",High,Inherited from the group's PSIC division into the published IO16 major industry.,50,Steam,High,Group scope is contained in this broader IO80 industry.,173,Steam and hot water supply; and manufacture and distribution of gas,High,Group scope aligns closely with the published IO240 industry within its PSIC division.
2019 update to 2009 PSIC,group,360,"Water collection, treatment and supply",04,"Electricity, steam, water and waste management",High,Inherited from the group's PSIC division into the published IO16 major industry.,51,Water supply,High,Group scope is contained in this broader IO80 industry.,174,"Water collection, treatment and supply",High,Group scope aligns closely with the published IO240 industry within its PSIC division.
2019 update to 2009 PSIC,group,370,Sewerage,04,"Electricity, steam, water and waste management",High,Inherited from the group's PSIC division into the published IO16 major industry.,52,"Sewerage, and waste management and remediation activities",High,Group scope is contained in this broader IO80 industry.,175,"Sewerage, and waste management and remediation activities",High,Group scope aligns closely with the published IO240 industry within its PSIC division.
2019 update to 2009 PSIC,group,381,Waste collection,04,"Electricity, steam, water and waste management",High,Inherited from the group's PSIC division into the published IO16 major industry.,52,"Sewerage, and waste management and remediation activities",High,Group scope is contained in this broader IO80 industry.,175,"Sewerage, and waste management and remediation activities",High,Group scope aligns closely with the published IO240 industry within its PSIC division.
2019 update to 2009 PSIC,group,382,Waste treatment and disposal,04,"Electricity, steam, water and waste management",High,Inherited from the group's PSIC division into the published IO16 major industry.,52,"Sewerage, and waste management and remediation activities",High,Group scope is contained in this broader IO80 industry.,175,"Sewerage, and waste management and remediation activities",High,Group scope aligns closely with the published IO240 industry within its PSIC division.
2019 update to 2009 PSIC,group,383,Materials recovery,04,"Electricity, steam, water and waste management",High,Inherited from the group's PSIC division into the published IO16 major industry.,52,"Sewerage, and waste management and remediation activities",High,Group scope is contained in this broader IO80 industry.,175,"Sewerage, and waste management and remediation activities",High,Group scope aligns closely with the published IO240 industry within its PSIC division.
2019 update to 2009 PSIC,group,390,Remediation activities and other waste management services,04,"Electricity, steam, water and waste management",High,Inherited from the group's PSIC division into the published IO16 major industry.,52,"Sewerage, and waste management and remediation activities",High,Group scope is contained in this broader IO80 industry.,175,"Sewerage, and waste management and remediation activities",High,Group scope aligns closely with the published IO240 industry within its PSIC division.
2019 update to 2009 PSIC,group,410,Construction of buildings,05,Construction,High,Inherited from the group's PSIC division into the published IO16 major industry.,53,Construction,High,Group scope is contained in this broader IO80 industry.,176,Construction,High,Group scope aligns closely with the published IO240 industry within its PSIC division.
2019 update to 2009 PSIC,group,421,Construction of roads and railways,05,Construction,High,Inherited from the group's PSIC division into the published IO16 major industry.,53,Construction,High,Group scope is contained in this broader IO80 industry.,176,Construction,High,Group scope aligns closely with the published IO240 industry within its PSIC division.
2019 update to 2009 PSIC,group,422,Construction of utility projects,05,Construction,High,Inherited from the group's PSIC division into the published IO16 major industry.,53,Construction,High,Group scope is contained in this broader IO80 industry.,176,Construction,High,Group scope aligns closely with the published IO240 industry within its PSIC division.
2019 update to 2009 PSIC,group,429,Construction of other civil engineering projects,05,Construction,High,Inherited from the group's PSIC division into the published IO16 major industry.,53,Construction,High,Group scope is contained in this broader IO80 industry.,176,Construction,High,Group scope aligns closely with the published IO240 industry within its PSIC division.
2019 update to 2009 PSIC,group,431,Demolition and site preparation,05,Construction,High,Inherited from the group's PSIC division into the published IO16 major industry.,53,Construction,High,Group scope is contained in this broader IO80 industry.,176,Construction,High,Group scope aligns closely with the published IO240 industry within its PSIC division.
2019 update to 2009 PSIC,group,432,"Electrical, plumbing and other construction installation activities",05,Construction,High,Inherited from the group's PSIC division into the published IO16 major industry.,53,Construction,High,Group scope is contained in this broader IO80 industry.,176,Construction,High,Group scope aligns closely with the published IO240 industry within its PSIC division.
2019 update to 2009 PSIC,group,433,Building completion and finishing,05,Construction,High,Inherited from the group's PSIC division into the published IO16 major industry.,53,Construction,High,Group scope is contained in this broader IO80 industry.,176,Construction,High,Group scope aligns closely with the published IO240 industry within its PSIC division.
2019 update to 2009 PSIC,group,439,Other specialized construction activities,05,Construction,High,Inherited from the group's PSIC division into the published IO16 major industry.,53,Construction,High,Group scope is contained in this broader IO80 industry.,176,Construction,High,Group scope aligns closely with the published IO240 industry within its PSIC division.
2019 update to 2009 PSIC,group,451,Sale of motor vehicles,06,Wholesale and retail trade; repair of motor vehicles and motorcycles,High,Inherited from the group's PSIC division into the published IO16 major industry.,56,Sale and repair of motor vehicles and motorcycles,High,Group scope is contained in this broader IO80 industry.,179,Sale and repair of motor vehicles and motorcycles,High,Group scope aligns closely with the published IO240 industry within its PSIC division.
2019 update to 2009 PSIC,group,452,Maintenance and repair of motor vehicles,06,Wholesale and retail trade; repair of motor vehicles and motorcycles,High,Inherited from the group's PSIC division into the published IO16 major industry.,56,Sale and repair of motor vehicles and motorcycles,High,Group scope is contained in this broader IO80 industry.,179,Sale and repair of motor vehicles and motorcycles,High,Group scope aligns closely with the published IO240 industry within its PSIC division.
2019 update to 2009 PSIC,group,453,Sale of motor vehicle parts and accessories,06,Wholesale and retail trade; repair of motor vehicles and motorcycles,High,Inherited from the group's PSIC division into the published IO16 major industry.,56,Sale and repair of motor vehicles and motorcycles,High,Group scope is contained in this broader IO80 industry.,179,Sale and repair of motor vehicles and motorcycles,High,Group scope aligns closely with the published IO240 industry within its PSIC division.
2019 update to 2009 PSIC,group,454,"Sale, maintenance and repair of motorcycles and related parts and accessories",06,Wholesale and retail trade; repair of motor vehicles and motorcycles,High,Inherited from the group's PSIC division into the published IO16 major industry.,56,Sale and repair of motor vehicles and motorcycles,High,Group scope is contained in this broader IO80 industry.,179,Sale and repair of motor vehicles and motorcycles,High,Group scope aligns closely with the published IO240 industry within its PSIC division.
2019 update to 2009 PSIC,group,461,Wholesale on a fee or contract basis,06,Wholesale and retail trade; repair of motor vehicles and motorcycles,High,Inherited from the group's PSIC division into the published IO16 major industry.,54,"Wholesale trade, except of motor vehicles and motorcycles",High,Group scope is contained in this broader IO80 industry.,177,"Wholesale trade, except of motor vehicles and motorcycles",High,Group scope aligns closely with the published IO240 industry within its PSIC division.
2019 update to 2009 PSIC,group,462,Wholesale of agricultural raw materials and live animals,06,Wholesale and retail trade; repair of motor vehicles and motorcycles,High,Inherited from the group's PSIC division into the published IO16 major industry.,54,"Wholesale trade, except of motor vehicles and motorcycles",High,Group scope is contained in this broader IO80 industry.,177,"Wholesale trade, except of motor vehicles and motorcycles",High,Group scope aligns closely with the published IO240 industry within its PSIC division.
2019 update to 2009 PSIC,group,463,"Wholesale of food, beverages and tobacco",06,Wholesale and retail trade; repair of motor vehicles and motorcycles,High,Inherited from the group's PSIC division into the published IO16 major industry.,54,"Wholesale trade, except of motor vehicles and motorcycles",High,Group scope is contained in this broader IO80 industry.,177,"Wholesale trade, except of motor vehicles and motorcycles",High,Group scope aligns closely with the published IO240 industry within its PSIC division.
2019 update to 2009 PSIC,group,464,Wholesale of household goods,06,Wholesale and retail trade; repair of motor vehicles and motorcycles,High,Inherited from the group's PSIC division into the published IO16 major industry.,54,"Wholesale trade, except of motor vehicles and motorcycles",High,Group scope is contained in this broader IO80 industry.,177,"Wholesale trade, except of motor vehicles and motorcycles",High,Group scope aligns closely with the published IO240 industry within its PSIC division.
2019 update to 2009 PSIC,group,465,"Wholesale of machinery, equipment and supplies",06,Wholesale and retail trade; repair of motor vehicles and motorcycles,High,Inherited from the group's PSIC division into the published IO16 major industry.,54,"Wholesale trade, except of motor vehicles and motorcycles",High,Group scope is contained in this broader IO80 industry.,177,"Wholesale trade, except of motor vehicles and motorcycles",High,Group scope aligns closely with the published IO240 industry within its PSIC division.
2019 update to 2009 PSIC,group,466,Other specialized wholesale,06,Wholesale and retail trade; repair of motor vehicles and motorcycles,High,Inherited from the group's PSIC division into the published IO16 major industry.,54,"Wholesale trade, except of motor vehicles and motorcycles",High,Group scope is contained in this broader IO80 industry.,177,"Wholesale trade, except of motor vehicles and motorcycles",High,Group scope aligns closely with the published IO240 industry within its PSIC division.
2019 update to 2009 PSIC,group,469,Non-specialized wholesale trade,06,Wholesale and retail trade; repair of motor vehicles and motorcycles,High,Inherited from the group's PSIC division into the published IO16 major industry.,54,"Wholesale trade, except of motor vehicles and motorcycles",High,Group scope is contained in this broader IO80 industry.,177,"Wholesale trade, except of motor vehicles and motorcycles",High,Group scope aligns closely with the published IO240 industry within its PSIC division.
2019 update to 2009 PSIC,group,471,Retail sale in non-specialized stores,06,Wholesale and retail trade; repair of motor vehicles and motorcycles,High,Inherited from the group's PSIC division into the published IO16 major industry.,55,"Retail trade, except of motor vehicles and motorcycles",High,Group scope is contained in this broader IO80 industry.,178,"Retail trade, except of motor vehicles and motorcycles",High,Group scope aligns closely with the published IO240 industry within its PSIC division.
2019 update to 2009 PSIC,group,472,"Retail sale of food, beverages and tobacco in specialized stores",06,Wholesale and retail trade; repair of motor vehicles and motorcycles,High,Inherited from the group's PSIC division into the published IO16 major industry.,55,"Retail trade, except of motor vehicles and motorcycles",High,Group scope is contained in this broader IO80 industry.,178,"Retail trade, except of motor vehicles and motorcycles",High,Group scope aligns closely with the published IO240 industry within its PSIC division.
2019 update to 2009 PSIC,group,473,Retail sale of automotive fuel in specialized stores,06,Wholesale and retail trade; repair of motor vehicles and motorcycles,High,Inherited from the group's PSIC division into the published IO16 major industry.,55,"Retail trade, except of motor vehicles and motorcycles",High,Group scope is contained in this broader IO80 industry.,178,"Retail trade, except of motor vehicles and motorcycles",High,Group scope aligns closely with the published IO240 industry within its PSIC division.
2019 update to 2009 PSIC,group,474,Retail sale of information and communications equipment in specialized stores,06,Wholesale and retail trade; repair of motor vehicles and motorcycles,High,Inherited from the group's PSIC division into the published IO16 major industry.,55,"Retail trade, except of motor vehicles and motorcycles",High,Group scope is contained in this broader IO80 industry.,178,"Retail trade, except of motor vehicles and motorcycles",High,Group scope aligns closely with the published IO240 industry within its PSIC division.
2019 update to 2009 PSIC,group,475,Retail sale of other household equipment in specialized stores,06,Wholesale and retail trade; repair of motor vehicles and motorcycles,High,Inherited from the group's PSIC division into the published IO16 major industry.,55,"Retail trade, except of motor vehicles and motorcycles",High,Group scope is contained in this broader IO80 industry.,178,"Retail trade, except of motor vehicles and motorcycles",High,Group scope aligns closely with the published IO240 industry within its PSIC division.
2019 update to 2009 PSIC,group,476,Retail sale of cultural and recreation goods in specialized stores,06,Wholesale and retail trade; repair of motor vehicles and motorcycles,High,Inherited from the group's PSIC division into the published IO16 major industry.,55,"Retail trade, except of motor vehicles and motorcycles",High,Group scope is contained in this broader IO80 industry.,178,"Retail trade, except of motor vehicles and motorcycles",High,Group scope aligns closely with the published IO240 industry within its PSIC division.
2019 update to 2009 PSIC,group,477,Retail sale of other goods in specialized stores,06,Wholesale and retail trade; repair of motor vehicles and motorcycles,High,Inherited from the group's PSIC division into the published IO16 major industry.,55,"Retail trade, except of motor vehicles and motorcycles",High,Group scope is contained in this broader IO80 industry.,178,"Retail trade, except of motor vehicles and motorcycles",High,Group scope aligns closely with the published IO240 industry within its PSIC division.
2019 update to 2009 PSIC,group,478,Retail sale via stalls and markets,06,Wholesale and retail trade; repair of motor vehicles and motorcycles,High,Inherited from the group's PSIC division into the published IO16 major industry.,55,"Retail trade, except of motor vehicles and motorcycles",High,Group scope is contained in this broader IO80 industry.,178,"Retail trade, except of motor vehicles and motorcycles",High,Group scope aligns closely with the published IO240 industry within its PSIC division.
2019 update to 2009 PSIC,group,479,"Retail trade not in stores, stalls or markets",06,Wholesale and retail trade; repair of motor vehicles and motorcycles,High,Inherited from the group's PSIC division into the published IO16 major industry.,55,"Retail trade, except of motor vehicles and motorcycles",High,Group scope is contained in this broader IO80 industry.,178,"Retail trade, except of motor vehicles and motorcycles",High,Group scope aligns closely with the published IO240 industry within its PSIC division.
2019 update to 2009 PSIC,group,491,Transport via railways,07,Transportation and storage,High,Inherited from the group's PSIC division into the published IO16 major industry.,57,Land transport,High,Group scope is contained in this broader IO80 industry.,180,Railway transport,High,Group scope aligns closely with the published IO240 industry within its PSIC division.
2019 update to 2009 PSIC,group,492,Transport via buses,07,Transportation and storage,High,Inherited from the group's PSIC division into the published IO16 major industry.,57,Land transport,High,Group scope is contained in this broader IO80 industry.,181,Bus line operation,High,Group scope aligns closely with the published IO240 industry within its PSIC division.
2019 update to 2009 PSIC,group,493,Other land transport,07,Transportation and storage,High,Inherited from the group's PSIC division into the published IO16 major industry.,57,Land transport,High,Group scope is contained in this broader IO80 industry.,182; 183; 184; 185,Tourist buses and cars including chartered and rent-a-car | Public utility cars and taxicab operation | Jeepney and other land transport services | Road freight transport,High with caveat,The PSIC group spans multiple published IO240 industries; all listed rows together form the target set.
2019 update to 2009 PSIC,group,494,Transport via pipeline,07,Transportation and storage,High,Inherited from the group's PSIC division into the published IO16 major industry.,57,Land transport,High,Pipeline transport has no distinct IO240 line but is retained in the broader IO80 Land transport aggregate.,180; 181; 182; 183; 184; 185,Railway transport | Bus line operation | Tourist buses and cars including chartered and rent-a-car | Public utility cars and taxicab operation | Jeepney and other land transport services | Road freight transport,Low,"No single IO240 line is identified. Filled with every IO240 industry inside IO80 57, because an IO80 industry is the sum of its IO240 industries; the PSA 2018 Input-Output Industry Classification should confirm the single line."
2019 update to 2009 PSIC,group,501,Sea and coastal water transport,07,Transportation and storage,High,Inherited from the group's PSIC division into the published IO16 major industry.,58,Water transport,High,Group scope is contained in this broader IO80 industry.,186,Water transport,High,Group scope aligns closely with the published IO240 industry within its PSIC division.
2019 update to 2009 PSIC,group,502,Inland water transport,07,Transportation and storage,High,Inherited from the group's PSIC division into the published IO16 major industry.,58,Water transport,High,Group scope is contained in this broader IO80 industry.,186,Water transport,High,Group scope aligns closely with the published IO240 industry within its PSIC division.
2019 update to 2009 PSIC,group,511,Passenger air transport,07,Transportation and storage,High,Inherited from the group's PSIC division into the published IO16 major industry.,59,Air transport,High,Group scope is contained in this broader IO80 industry.,187,Air transport,High,Group scope aligns closely with the published IO240 industry within its PSIC division.
2019 update to 2009 PSIC,group,512,Freight air transport,07,Transportation and storage,High,Inherited from the group's PSIC division into the published IO16 major industry.,59,Air transport,High,Group scope is contained in this broader IO80 industry.,187,Air transport,High,Group scope aligns closely with the published IO240 industry within its PSIC division.
2019 update to 2009 PSIC,group,521,Warehousing and storage,07,Transportation and storage,High,Inherited from the group's PSIC division into the published IO16 major industry.,60,"Warehousing and storage, and support activities for transportation",High,Group scope is contained in this broader IO80 industry.,188,Warehousing and storage,High,Group scope aligns closely with the published IO240 industry within its PSIC division.
2019 update to 2009 PSIC,group,522,Support activities for transportation,07,Transportation and storage,High,Inherited from the group's PSIC division into the published IO16 major industry.,60,"Warehousing and storage, and support activities for transportation",High,Group scope is contained in this broader IO80 industry.,189,Support activities for transportation,High,Group scope aligns closely with the published IO240 industry within its PSIC division.
2019 update to 2009 PSIC,group,531,Postal activities,07,Transportation and storage,High,Inherited from the group's PSIC division into the published IO16 major industry.,61,Postal and courier activities,High,Group scope is contained in this broader IO80 industry.,190,Postal and courier activities,High,Group scope aligns closely with the published IO240 industry within its PSIC division.
2019 update to 2009 PSIC,group,532,Courier activities,07,Transportation and storage,High,Inherited from the group's PSIC division into the published IO16 major industry.,61,Postal and courier activities,High,Group scope is contained in this broader IO80 industry.,190,Postal and courier activities,High,Group scope aligns closely with the published IO240 industry within its PSIC division.
2019 update to 2009 PSIC,group,551,Short term accommodation activities,08,Accommodation and food service activities,High,Inherited from the group's PSIC division into the published IO16 major industry.,62,Accommodation,High,Group scope is contained in this broader IO80 industry.,191,Short term acommodation activities,High,Group scope aligns closely with the published IO240 industry within its PSIC division.
2019 update to 2009 PSIC,group,559,Other accommodation,08,Accommodation and food service activities,High,Inherited from the group's PSIC division into the published IO16 major industry.,62,Accommodation,High,Group scope is contained in this broader IO80 industry.,192,Other accommodation,High,Group scope aligns closely with the published IO240 industry within its PSIC division.
2019 update to 2009 PSIC,group,561,Restaurants and mobile food service activities,08,Accommodation and food service activities,High,Inherited from the group's PSIC division into the published IO16 major industry.,63,Food and beverage service activities,High,Group scope is contained in this broader IO80 industry.,193,Food and beverage service activities,High,Group scope aligns closely with the published IO240 industry within its PSIC division.
2019 update to 2009 PSIC,group,562,Event catering and other food service activities,08,Accommodation and food service activities,High,Inherited from the group's PSIC division into the published IO16 major industry.,63,Food and beverage service activities,High,Group scope is contained in this broader IO80 industry.,193,Food and beverage service activities,High,Group scope aligns closely with the published IO240 industry within its PSIC division.
2019 update to 2009 PSIC,group,563,Beverage serving activities,08,Accommodation and food service activities,High,Inherited from the group's PSIC division into the published IO16 major industry.,63,Food and beverage service activities,High,Group scope is contained in this broader IO80 industry.,193,Food and beverage service activities,High,Group scope aligns closely with the published IO240 industry within its PSIC division.
2019 update to 2009 PSIC,group,581,"Publishing of books, periodicals and other publishing activities",09,Information and communication,High,Inherited from the group's PSIC division into the published IO16 major industry.,64,Information and publishing,High,Group scope is contained in this broader IO80 industry.,194,Publishing activities,High,Group scope aligns closely with the published IO240 industry within its PSIC division.
2019 update to 2009 PSIC,group,582,Software publishing,09,Information and communication,High,Inherited from the group's PSIC division into the published IO16 major industry.,64,Information and publishing,High,Group scope is contained in this broader IO80 industry.,194,Publishing activities,High,Group scope aligns closely with the published IO240 industry within its PSIC division.
2019 update to 2009 PSIC,group,591,"Motion picture, video and television programme activities",09,Information and communication,High,Inherited from the group's PSIC division into the published IO16 major industry.,64,Information and publishing,High,Group scope is contained in this broader IO80 industry.,195,"Motion picture, video and television programme activities",High,Group scope aligns closely with the published IO240 industry within its PSIC division.
2019 update to 2009 PSIC,group,592,Sound recording and music publishing activities,09,Information and communication,High,Inherited from the group's PSIC division into the published IO16 major industry.,64,Information and publishing,High,Group scope is contained in this broader IO80 industry.,196,Sound recording and music publishing activities,High,Group scope aligns closely with the published IO240 industry within its PSIC division.
2019 update to 2009 PSIC,group,601,Radio broadcasting,09,Information and communication,High,Inherited from the group's PSIC division into the published IO16 major industry.,64,Information and publishing,High,Group scope is contained in this broader IO80 industry.,197,Programming and broadcasting activities,High,Group scope aligns closely with the published IO240 industry within its PSIC division.
2019 update to 2009 PSIC,group,602,Television programming and broadcasting activities,09,Information and communication,High,Inherited from the group's PSIC division into the published IO16 major industry.,64,Information and publishing,High,Group scope is contained in this broader IO80 industry.,197,Programming and broadcasting activities,High,Group scope aligns closely with the published IO240 industry within its PSIC division.
2019 update to 2009 PSIC,group,611,Wired telecommunications activities,09,Information and communication,High,Inherited from the group's PSIC division into the published IO16 major industry.,65,Communication,High,Group scope is contained in this broader IO80 industry.,198,Wired telecommunications activities,High,Group scope aligns closely with the published IO240 industry within its PSIC division.
2019 update to 2009 PSIC,group,612,Wireless telecommunications activities,09,Information and communication,High,Inherited from the group's PSIC division into the published IO16 major industry.,65,Communication,High,Group scope is contained in this broader IO80 industry.,199,Wireless telecommunications activities,High,Group scope aligns closely with the published IO240 industry within its PSIC division.
2019 update to 2009 PSIC,group,613,Satellite telecommunications activities,09,Information and communication,High,Inherited from the group's PSIC division into the published IO16 major industry.,65,Communication,High,Group scope is contained in this broader IO80 industry.,200,Satellite telecommunications activities,High,Group scope aligns closely with the published IO240 industry within its PSIC division.
2019 update to 2009 PSIC,group,619,Other telecommunications activities,09,Information and communication,High,Inherited from the group's PSIC division into the published IO16 major industry.,65,Communication,High,Group scope is contained in this broader IO80 industry.,201,"Other telecommunications activities, n.e.c.",High,Group scope aligns closely with the published IO240 industry within its PSIC division.
2019 update to 2009 PSIC,group,620,"Computer programming, consultancy and related activities",09,Information and communication,High,Inherited from the group's PSIC division into the published IO16 major industry.,65,Communication,High,Official 2018 I-O hierarchy places IO240 202 under IO80 65 (Communication).,202,"Computer programming, consultancy and related activities",High,Group scope aligns closely with the published IO240 industry within its PSIC division.
2019 update to 2009 PSIC,group,631,"Data processing, hosting and related activities; web portals",09,Information and communication,High,Inherited from the group's PSIC division into the published IO16 major industry.,65,Communication,High,Official 2018 I-O hierarchy places IO240 203 under IO80 65 (Communication).,203,Information service,High,Group scope aligns closely with the published IO240 industry within its PSIC division.
2019 update to 2009 PSIC,group,639,Other information service activities,09,Information and communication,High,Inherited from the group's PSIC division into the published IO16 major industry.,65,Communication,High,Official 2018 I-O hierarchy places IO240 203 under IO80 65 (Communication).,203,Information service,High,Group scope aligns closely with the published IO240 industry within its PSIC division.
2019 update to 2009 PSIC,group,641,Monetary intermediation,10,Financial and insurance activities,High,Inherited from the group's PSIC division into the published IO16 major industry.,66,Banking institutions,High,Group scope is contained in this broader IO80 industry.,204,Banking Institutions,High,Group scope aligns closely with the published IO240 industry within its PSIC division.
2019 update to 2009 PSIC,group,642,Activities of holding companies,10,Financial and insurance activities,High,Inherited from the group's PSIC division into the published IO16 major industry.,67,Non-banks,High,Group scope is contained in this broader IO80 industry.,205,Non-banks,Medium,Holding-company activity is represented within the broad non-bank financial I-O industry.
2019 update to 2009 PSIC,group,643,"Trusts, funds and other financial vehicles",10,Financial and insurance activities,High,Inherited from the group's PSIC division into the published IO16 major industry.,67,Non-banks,High,Group scope is contained in this broader IO80 industry.,205,Non-banks,High,Group scope aligns closely with the published IO240 industry within its PSIC division.
2019 update to 2009 PSIC,group,649,"Other financial service activities, except insurance and pension funding activities",10,Financial and insurance activities,High,Inherited from the group's PSIC division into the published IO16 major industry.,67,Non-banks,High,Group scope is contained in this broader IO80 industry.,205,Non-banks,High,Group scope aligns closely with the published IO240 industry within its PSIC division.
2019 update to 2009 PSIC,group,651,Insurance,10,Financial and insurance activities,High,Inherited from the group's PSIC division into the published IO16 major industry.,68,Insurance and pension funding except compulsory social security,High,Group scope is contained in this broader IO80 industry.,206; 207,Life insurance | Non-life and other insurance activities,High with caveat,The PSIC group spans multiple published IO240 industries; all listed rows together form the target set.
2019 update to 2009 PSIC,group,652,Reinsurance,10,Financial and insurance activities,High,Inherited from the group's PSIC division into the published IO16 major industry.,68,Insurance and pension funding except compulsory social security,High,Group scope is contained in this broader IO80 industry.,207,Non-life and other insurance activities,High,Group scope aligns closely with the published IO240 industry within its PSIC division.
2019 update to 2009 PSIC,group,653,Pension funding,10,Financial and insurance activities,High,Inherited from the group's PSIC division into the published IO16 major industry.,68,Insurance and pension funding except compulsory social security,High,Group scope is contained in this broader IO80 industry.,207,Non-life and other insurance activities,High with caveat,Pension funding is absorbed into the broad non-life/other-insurance I-O industry at 240 detail.
2019 update to 2009 PSIC,group,661,"Activities auxiliary to financial service, except insurance and pension funding",10,Financial and insurance activities,High,Inherited from the group's PSIC division into the published IO16 major industry.,69,Activities auxiliary to financial services activities,High,Group scope is contained in this broader IO80 industry.,208,Activities auxiliary to financial intermediation,High,Group scope aligns closely with the published IO240 industry within its PSIC division.
2019 update to 2009 PSIC,group,662,Activities auxiliary to insurance and pension funding,10,Financial and insurance activities,High,Inherited from the group's PSIC division into the published IO16 major industry.,69,Activities auxiliary to financial services activities,High,Group scope is contained in this broader IO80 industry.,208,Activities auxiliary to financial intermediation,High,Group scope aligns closely with the published IO240 industry within its PSIC division.
2019 update to 2009 PSIC,group,663,Fund management activities,10,Financial and insurance activities,High,Inherited from the group's PSIC division into the published IO16 major industry.,69,Activities auxiliary to financial services activities,High,Group scope is contained in this broader IO80 industry.,208,Activities auxiliary to financial intermediation,High,Group scope aligns closely with the published IO240 industry within its PSIC division.
2019 update to 2009 PSIC,group,681,Real estate activities with own or leased property,11,Real estate and ownership of dwellings,High,"IO16 combines real estate with ownership of dwellings; the PSIC group covers the market real-estate component, while owner-occupied dwelling services are imputed.",70,Real estate,High,Group scope is contained in this broader IO80 industry.,209,Real estate activities,High with caveat,Mapped to market real-estate activity only. IO240 210 Ownership of dwellings is an imputed I-O activity and is intentionally not assigned to a PSIC establishment group.
2019 update to 2009 PSIC,group,682,Real estate activities on a fee or contract basis,11,Real estate and ownership of dwellings,High,"IO16 combines real estate with ownership of dwellings; the PSIC group covers the market real-estate component, while owner-occupied dwelling services are imputed.",70,Real estate,High,Group scope is contained in this broader IO80 industry.,209,Real estate activities,High,Group scope aligns closely with the published IO240 industry within its PSIC division.
2019 update to 2009 PSIC,group,691,Legal activities,12,Professional and business services,High,Inherited from the group's PSIC division into the published IO16 major industry.,72,"Professional, Scientific and Technical Activities; Administrative and Support Service Activities",High,Group scope is contained in this broader IO80 industry.,211,Legal activities,High,Group scope aligns closely with the published IO240 industry within its PSIC division.
2019 update to 2009 PSIC,group,692,"Accounting, bookkeeping and auditing activities; tax consultancy",12,Professional and business services,High,Inherited from the group's PSIC division into the published IO16 major industry.,72,"Professional, Scientific and Technical Activities; Administrative and Support Service Activities",High,Group scope is contained in this broader IO80 industry.,212,"Accounting, bookeeping and auditing activities; tax consultancy",High,Group scope aligns closely with the published IO240 industry within its PSIC division.
2019 update to 2009 PSIC,group,701,Activities of head offices,12,Professional and business services,High,Inherited from the group's PSIC division into the published IO16 major industry.,72,"Professional, Scientific and Technical Activities; Administrative and Support Service Activities",High,Group scope is contained in this broader IO80 industry.,213,Activities of head offices; management consultancy activities,High,Group scope aligns closely with the published IO240 industry within its PSIC division.
2019 update to 2009 PSIC,group,702,Management consultancy activities,12,Professional and business services,High,Inherited from the group's PSIC division into the published IO16 major industry.,72,"Professional, Scientific and Technical Activities; Administrative and Support Service Activities",High,Group scope is contained in this broader IO80 industry.,213,Activities of head offices; management consultancy activities,High,Group scope aligns closely with the published IO240 industry within its PSIC division.
2019 update to 2009 PSIC,group,711,Architectural and engineering activities and related technical consultancy,12,Professional and business services,High,Inherited from the group's PSIC division into the published IO16 major industry.,72,"Professional, Scientific and Technical Activities; Administrative and Support Service Activities",High,Group scope is contained in this broader IO80 industry.,214,Architecture and engineering activities; technical testing and analysis,High,Group scope aligns closely with the published IO240 industry within its PSIC division.
2019 update to 2009 PSIC,group,712,Technical testing and analysis,12,Professional and business services,High,Inherited from the group's PSIC division into the published IO16 major industry.,72,"Professional, Scientific and Technical Activities; Administrative and Support Service Activities",High,Group scope is contained in this broader IO80 industry.,214,Architecture and engineering activities; technical testing and analysis,High,Group scope aligns closely with the published IO240 industry within its PSIC division.
2019 update to 2009 PSIC,group,721,Research and experimental development on natural sciences and engineering,12,Professional and business services,High,Inherited from the group's PSIC division into the published IO16 major industry.,72,"Professional, Scientific and Technical Activities; Administrative and Support Service Activities",High,Group scope is contained in this broader IO80 industry.,215,Scientific research and development,High,Group scope aligns closely with the published IO240 industry within its PSIC division.
2019 update to 2009 PSIC,group,722,Research and experimental development on social sciences and humanities,12,Professional and business services,High,Inherited from the group's PSIC division into the published IO16 major industry.,72,"Professional, Scientific and Technical Activities; Administrative and Support Service Activities",High,Group scope is contained in this broader IO80 industry.,215,Scientific research and development,High,Group scope aligns closely with the published IO240 industry within its PSIC division.
2019 update to 2009 PSIC,group,723,Research and experimental development in information technology,12,Professional and business services,High,Inherited from the group's PSIC division into the published IO16 major industry.,72,"Professional, Scientific and Technical Activities; Administrative and Support Service Activities",High,Group scope is contained in this broader IO80 industry.,215,Scientific research and development,High,Group scope aligns closely with the published IO240 industry within its PSIC division.
2019 update to 2009 PSIC,group,731,Advertising,12,Professional and business services,High,Inherited from the group's PSIC division into the published IO16 major industry.,72,"Professional, Scientific and Technical Activities; Administrative and Support Service Activities",High,Group scope is contained in this broader IO80 industry.,216,Advertising,High,Group scope aligns closely with the published IO240 industry within its PSIC division.
2019 update to 2009 PSIC,group,732,Market research and public opinion polling,12,Professional and business services,High,Inherited from the group's PSIC division into the published IO16 major industry.,72,"Professional, Scientific and Technical Activities; Administrative and Support Service Activities",High,Group scope is contained in this broader IO80 industry.,217,Market research and public opinion polling,High,Group scope aligns closely with the published IO240 industry within its PSIC division.
2019 update to 2009 PSIC,group,741,Specialized design activities,12,Professional and business services,High,Inherited from the group's PSIC division into the published IO16 major industry.,72,"Professional, Scientific and Technical Activities; Administrative and Support Service Activities",High,Group scope is contained in this broader IO80 industry.,218,Specialized design activities,High,Group scope aligns closely with the published IO240 industry within its PSIC division.
2019 update to 2009 PSIC,group,742,Photographic activities,12,Professional and business services,High,Inherited from the group's PSIC division into the published IO16 major industry.,72,"Professional, Scientific and Technical Activities; Administrative and Support Service Activities",High,Group scope is contained in this broader IO80 industry.,219,Photographic activities,High,Group scope aligns closely with the published IO240 industry within its PSIC division.
2019 update to 2009 PSIC,group,749,"Other professional, scientific and technical activities, n.e.c.",12,Professional and business services,High,Inherited from the group's PSIC division into the published IO16 major industry.,72,"Professional, Scientific and Technical Activities; Administrative and Support Service Activities",High,Group scope is contained in this broader IO80 industry.,220,"Other professional, scientific and technical activities, n.e.c.",High,Group scope aligns closely with the published IO240 industry within its PSIC division.
2019 update to 2009 PSIC,group,750,Veterinary activities,12,Professional and business services,High,Inherited from the group's PSIC division into the published IO16 major industry.,72,"Professional, Scientific and Technical Activities; Administrative and Support Service Activities",High,Group scope is contained in this broader IO80 industry.,221,Veterinary activities,High,Group scope aligns closely with the published IO240 industry within its PSIC division.
2019 update to 2009 PSIC,group,771,Renting and leasing of motor vehicles,12,Professional and business services,High,Inherited from the group's PSIC division into the published IO16 major industry.,72,"Professional, Scientific and Technical Activities; Administrative and Support Service Activities",High,Group scope is contained in this broader IO80 industry.,222,Rental and leasing activities,High,Group scope aligns closely with the published IO240 industry within its PSIC division.
2019 update to 2009 PSIC,group,772,Renting and leasing of personal and household goods,12,Professional and business services,High,Inherited from the group's PSIC division into the published IO16 major industry.,72,"Professional, Scientific and Technical Activities; Administrative and Support Service Activities",High,Group scope is contained in this broader IO80 industry.,222,Rental and leasing activities,High,Group scope aligns closely with the published IO240 industry within its PSIC division.
2019 update to 2009 PSIC,group,773,"Renting and leasing of other machinery, equipment and tangible goods",12,Professional and business services,High,Inherited from the group's PSIC division into the published IO16 major industry.,72,"Professional, Scientific and Technical Activities; Administrative and Support Service Activities",High,Group scope is contained in this broader IO80 industry.,222,Rental and leasing activities,High,Group scope aligns closely with the published IO240 industry within its PSIC division.
2019 update to 2009 PSIC,group,774,"Leasing of intellectual property and similar products, except copyrighted works",12,Professional and business services,High,Inherited from the group's PSIC division into the published IO16 major industry.,72,"Professional, Scientific and Technical Activities; Administrative and Support Service Activities",High,Group scope is contained in this broader IO80 industry.,222,Rental and leasing activities,High,Group scope aligns closely with the published IO240 industry within its PSIC division.
2019 update to 2009 PSIC,group,781,Activities of employment placement agencies,12,Professional and business services,High,Inherited from the group's PSIC division into the published IO16 major industry.,72,"Professional, Scientific and Technical Activities; Administrative and Support Service Activities",High,Group scope is contained in this broader IO80 industry.,223,Employment activities,High,Group scope aligns closely with the published IO240 industry within its PSIC division.
2019 update to 2009 PSIC,group,782,Temporary employment agency activities,12,Professional and business services,High,Inherited from the group's PSIC division into the published IO16 major industry.,72,"Professional, Scientific and Technical Activities; Administrative and Support Service Activities",High,Group scope is contained in this broader IO80 industry.,223,Employment activities,High,Group scope aligns closely with the published IO240 industry within its PSIC division.
2019 update to 2009 PSIC,group,783,Other human resources provision,12,Professional and business services,High,Inherited from the group's PSIC division into the published IO16 major industry.,72,"Professional, Scientific and Technical Activities; Administrative and Support Service Activities",High,Group scope is contained in this broader IO80 industry.,223,Employment activities,High,Group scope aligns closely with the published IO240 industry within its PSIC division.
2019 update to 2009 PSIC,group,791,Travel agency and tour operator activities,12,Professional and business services,High,Inherited from the group's PSIC division into the published IO16 major industry.,72,"Professional, Scientific and Technical Activities; Administrative and Support Service Activities",High,Group scope is contained in this broader IO80 industry.,224,"Travel agency, tour operator, reservation service and related activities",High,Group scope aligns closely with the published IO240 industry within its PSIC division.
2019 update to 2009 PSIC,group,799,Other reservation service and related activities,12,Professional and business services,High,Inherited from the group's PSIC division into the published IO16 major industry.,72,"Professional, Scientific and Technical Activities; Administrative and Support Service Activities",High,Group scope is contained in this broader IO80 industry.,224,"Travel agency, tour operator, reservation service and related activities",High,Group scope aligns closely with the published IO240 industry within its PSIC division.
2019 update to 2009 PSIC,group,801,Private security activities,12,Professional and business services,High,Inherited from the group's PSIC division into the published IO16 major industry.,72,"Professional, Scientific and Technical Activities; Administrative and Support Service Activities",High,Group scope is contained in this broader IO80 industry.,225,Security and investigation activities,High,Group scope aligns closely with the published IO240 industry within its PSIC division.
2019 update to 2009 PSIC,group,802,Security systems service activities,12,Professional and business services,High,Inherited from the group's PSIC division into the published IO16 major industry.,72,"Professional, Scientific and Technical Activities; Administrative and Support Service Activities",High,Group scope is contained in this broader IO80 industry.,225,Security and investigation activities,High,Group scope aligns closely with the published IO240 industry within its PSIC division.
2019 update to 2009 PSIC,group,803,Investigation activities,12,Professional and business services,High,Inherited from the group's PSIC division into the published IO16 major industry.,72,"Professional, Scientific and Technical Activities; Administrative and Support Service Activities",High,Group scope is contained in this broader IO80 industry.,225,Security and investigation activities,High,Group scope aligns closely with the published IO240 industry within its PSIC division.
2019 update to 2009 PSIC,group,811,Combined facilities support activities,12,Professional and business services,High,Inherited from the group's PSIC division into the published IO16 major industry.,72,"Professional, Scientific and Technical Activities; Administrative and Support Service Activities",High,Group scope is contained in this broader IO80 industry.,227,"Other administrative and support service activities, n.e.c.",High,Group scope aligns closely with the published IO240 industry within its PSIC division.
2019 update to 2009 PSIC,group,812,Cleaning activities,12,Professional and business services,High,Inherited from the group's PSIC division into the published IO16 major industry.,72,"Professional, Scientific and Technical Activities; Administrative and Support Service Activities",High,Group scope is contained in this broader IO80 industry.,227,"Other administrative and support service activities, n.e.c.",High,Group scope aligns closely with the published IO240 industry within its PSIC division.
2019 update to 2009 PSIC,group,813,Landscape care and maintenance service activities,12,Professional and business services,High,Inherited from the group's PSIC division into the published IO16 major industry.,72,"Professional, Scientific and Technical Activities; Administrative and Support Service Activities",High,Group scope is contained in this broader IO80 industry.,227,"Other administrative and support service activities, n.e.c.",High,Group scope aligns closely with the published IO240 industry within its PSIC division.
2019 update to 2009 PSIC,group,821,Office administrative and support activities,12,Professional and business services,High,Inherited from the group's PSIC division into the published IO16 major industry.,72,"Professional, Scientific and Technical Activities; Administrative and Support Service Activities",High,Group scope is contained in this broader IO80 industry.,227,"Other administrative and support service activities, n.e.c.",High,Group scope aligns closely with the published IO240 industry within its PSIC division.
2019 update to 2009 PSIC,group,822,Call centers and other related activities,12,Professional and business services,High,Inherited from the group's PSIC division into the published IO16 major industry.,72,"Professional, Scientific and Technical Activities; Administrative and Support Service Activities",High,Group scope is contained in this broader IO80 industry.,226,Call center and related activities,High,Group scope aligns closely with the published IO240 industry within its PSIC division.
2019 update to 2009 PSIC,group,823,Organization of conventions and trade shows,12,Professional and business services,High,Inherited from the group's PSIC division into the published IO16 major industry.,72,"Professional, Scientific and Technical Activities; Administrative and Support Service Activities",High,Group scope is contained in this broader IO80 industry.,227,"Other administrative and support service activities, n.e.c.",High,Group scope aligns closely with the published IO240 industry within its PSIC division.
2019 update to 2009 PSIC,group,829,"Business support service activities, n.e.c.",12,Professional and business services,High,Inherited from the group's PSIC division into the published IO16 major industry.,72,"Professional, Scientific and Technical Activities; Administrative and Support Service Activities",High,Group scope is contained in this broader IO80 industry.,227,"Other administrative and support service activities, n.e.c.",High,Group scope aligns closely with the published IO240 industry within its PSIC division.
2019 update to 2009 PSIC,group,841,Administration of the State and the economic and social policy of the community,13,Public Administration and Defense; Compulsory social security,High,Inherited from the group's PSIC division into the published IO16 major industry.,73,Public Administration and Defense; Compulsory social security,High,Group scope is contained in this broader IO80 industry.,228,Public Administration and Defense; Compulsory social security,High,Group scope aligns closely with the published IO240 industry within its PSIC division.
2019 update to 2009 PSIC,group,842,Provision of services to the community as a whole,13,Public Administration and Defense; Compulsory social security,High,Inherited from the group's PSIC division into the published IO16 major industry.,73,Public Administration and Defense; Compulsory social security,High,Group scope is contained in this broader IO80 industry.,228,Public Administration and Defense; Compulsory social security,High,Group scope aligns closely with the published IO240 industry within its PSIC division.
2019 update to 2009 PSIC,group,843,Compulsory social security activities,13,Public Administration and Defense; Compulsory social security,High,Inherited from the group's PSIC division into the published IO16 major industry.,73,Public Administration and Defense; Compulsory social security,High,Group scope is contained in this broader IO80 industry.,228,Public Administration and Defense; Compulsory social security,High,Group scope aligns closely with the published IO240 industry within its PSIC division.
2019 update to 2009 PSIC,group,851,Pre-primary/pre-school education,14,Education,High,Inherited from the group's PSIC division into the published IO16 major industry.,74; 75,Public education | Private education,High with caveat,"IO80 splits education into public and private sectors; PSIC activity groups do not encode ownership, so both targets are retained.",229; 230,Public education | Private education,High with caveat,"PSIC does not encode public/private ownership at group level; PSA I-O splits education by ownership, so both IO240 targets are retained."
2019 update to 2009 PSIC,group,852,Primary/elementary education,14,Education,High,Inherited from the group's PSIC division into the published IO16 major industry.,74; 75,Public education | Private education,High with caveat,"IO80 splits education into public and private sectors; PSIC activity groups do not encode ownership, so both targets are retained.",229; 230,Public education | Private education,High with caveat,"PSIC does not encode public/private ownership at group level; PSA I-O splits education by ownership, so both IO240 targets are retained."
2019 update to 2009 PSIC,group,853,Secondary/high school education,14,Education,High,Inherited from the group's PSIC division into the published IO16 major industry.,74; 75,Public education | Private education,High with caveat,"IO80 splits education into public and private sectors; PSIC activity groups do not encode ownership, so both targets are retained.",229; 230,Public education | Private education,High with caveat,"PSIC does not encode public/private ownership at group level; PSA I-O splits education by ownership, so both IO240 targets are retained."
2019 update to 2009 PSIC,group,854,Higher education,14,Education,High,Inherited from the group's PSIC division into the published IO16 major industry.,74; 75,Public education | Private education,High with caveat,"IO80 splits education into public and private sectors; PSIC activity groups do not encode ownership, so both targets are retained.",229; 230,Public education | Private education,High with caveat,"PSIC does not encode public/private ownership at group level; PSA I-O splits education by ownership, so both IO240 targets are retained."
2019 update to 2009 PSIC,group,855,Other education services,14,Education,High,Inherited from the group's PSIC division into the published IO16 major industry.,74; 75,Public education | Private education,High with caveat,"IO80 splits education into public and private sectors; PSIC activity groups do not encode ownership, so both targets are retained.",229; 230,Public education | Private education,High with caveat,"PSIC does not encode public/private ownership at group level; PSA I-O splits education by ownership, so both IO240 targets are retained."
2019 update to 2009 PSIC,group,856,Educational support services,14,Education,High,Inherited from the group's PSIC division into the published IO16 major industry.,74; 75,Public education | Private education,High with caveat,"IO80 splits education into public and private sectors; PSIC activity groups do not encode ownership, so both targets are retained.",229; 230,Public education | Private education,High with caveat,"PSIC does not encode public/private ownership at group level; PSA I-O splits education by ownership, so both IO240 targets are retained."
2019 update to 2009 PSIC,group,861,Hospital activities,15,Human health and social work activities,High,Inherited from the group's PSIC division into the published IO16 major industry.,76; 77,Public human health | Private human health,High with caveat,"IO80 splits human health into public and private sectors; PSIC activity groups do not encode ownership, so both targets are retained.",231; 232,Public human health | Private human health,High with caveat,"PSIC does not encode public/private ownership at group level; PSA I-O splits human health by ownership, so both IO240 targets are retained."
2019 update to 2009 PSIC,group,862,Medical and dental practice activities,15,Human health and social work activities,High,Inherited from the group's PSIC division into the published IO16 major industry.,76; 77,Public human health | Private human health,High with caveat,"IO80 splits human health into public and private sectors; PSIC activity groups do not encode ownership, so both targets are retained.",231; 232,Public human health | Private human health,High with caveat,"PSIC does not encode public/private ownership at group level; PSA I-O splits human health by ownership, so both IO240 targets are retained."
2019 update to 2009 PSIC,group,869,Other human health activities,15,Human health and social work activities,High,Inherited from the group's PSIC division into the published IO16 major industry.,76; 77,Public human health | Private human health,High with caveat,"IO80 splits human health into public and private sectors; PSIC activity groups do not encode ownership, so both targets are retained.",231; 232,Public human health | Private human health,High with caveat,"PSIC does not encode public/private ownership at group level; PSA I-O splits human health by ownership, so both IO240 targets are retained."
2019 update to 2009 PSIC,group,871,Residential nursing care facilities,15,Human health and social work activities,High,Inherited from the group's PSIC division into the published IO16 major industry.,78,Social work activities,High,Group scope is contained in this broader IO80 industry.,233,Social work activities,High,Group scope aligns closely with the published IO240 industry within its PSIC division.
2019 update to 2009 PSIC,group,872,"Residential care activities for mental retardation, mental health and substance abuse",15,Human health and social work activities,High,Inherited from the group's PSIC division into the published IO16 major industry.,78,Social work activities,High,Group scope is contained in this broader IO80 industry.,233,Social work activities,High,Group scope aligns closely with the published IO240 industry within its PSIC division.
2019 update to 2009 PSIC,group,873,Residential care activities for the elderly and disabled,15,Human health and social work activities,High,Inherited from the group's PSIC division into the published IO16 major industry.,78,Social work activities,High,Group scope is contained in this broader IO80 industry.,233,Social work activities,High,Group scope aligns closely with the published IO240 industry within its PSIC division.
2019 update to 2009 PSIC,group,879,"Other residential care activities, n.e.c.",15,Human health and social work activities,High,Inherited from the group's PSIC division into the published IO16 major industry.,78,Social work activities,High,Group scope is contained in this broader IO80 industry.,233,Social work activities,High,Group scope aligns closely with the published IO240 industry within its PSIC division.
2019 update to 2009 PSIC,group,881,Social work activities without accommodation for the elderly and disabled,15,Human health and social work activities,High,Inherited from the group's PSIC division into the published IO16 major industry.,78,Social work activities,High,Group scope is contained in this broader IO80 industry.,233,Social work activities,High,Group scope aligns closely with the published IO240 industry within its PSIC division.
2019 update to 2009 PSIC,group,889,"Other social work activities without accommodation, n.e.c.",15,Human health and social work activities,High,Inherited from the group's PSIC division into the published IO16 major industry.,78,Social work activities,High,Group scope is contained in this broader IO80 industry.,233,Social work activities,High,Group scope aligns closely with the published IO240 industry within its PSIC division.
2019 update to 2009 PSIC,group,900,"Creative, arts and entertainment activities",16,Other services,High,Inherited from the group's PSIC division into the published IO16 major industry.,79,"Arts, entertainment and recreation",High,Group scope is contained in this broader IO80 industry.,234,"Arts, entertainment, and recreation",High,Group scope aligns closely with the published IO240 industry within its PSIC division.
2019 update to 2009 PSIC,group,910,"Libraries, archives, museums and other cultural activities",16,Other services,High,Inherited from the group's PSIC division into the published IO16 major industry.,79,"Arts, entertainment and recreation",High,Group scope is contained in this broader IO80 industry.,234,"Arts, entertainment, and recreation",High,Group scope aligns closely with the published IO240 industry within its PSIC division.
2019 update to 2009 PSIC,group,920,Gambling and betting activities,16,Other services,High,Inherited from the group's PSIC division into the published IO16 major industry.,79,"Arts, entertainment and recreation",High,Group scope is contained in this broader IO80 industry.,234,"Arts, entertainment, and recreation",High,Group scope aligns closely with the published IO240 industry within its PSIC division.
2019 update to 2009 PSIC,group,931,Sports activities,16,Other services,High,Inherited from the group's PSIC division into the published IO16 major industry.,79,"Arts, entertainment and recreation",High,Group scope is contained in this broader IO80 industry.,234,"Arts, entertainment, and recreation",High,Group scope aligns closely with the published IO240 industry within its PSIC division.
2019 update to 2009 PSIC,group,932,Other amusement and recreation activities,16,Other services,High,Inherited from the group's PSIC division into the published IO16 major industry.,79,"Arts, entertainment and recreation",High,Group scope is contained in this broader IO80 industry.,234,"Arts, entertainment, and recreation",High,Group scope aligns closely with the published IO240 industry within its PSIC division.
2019 update to 2009 PSIC,group,941,"Activities of business, employers and professional membership organizations",16,Other services,High,Inherited from the group's PSIC division into the published IO16 major industry.,80,Other service activities,High,Membership-organization activity is represented only in the broad IO80 Other service activities aggregate.,235; 236; 237; 238; 239; 240,"Repair of computers and personal and household goods | Spa, steam bath, slendering, and body building activities | Beauty treatment, personal grooming activities and other wellness activities, n.e.c. | Laundry services | Funeral and related activities | Other personal service activities",Low,"No single IO240 line is identified. Filled with every IO240 industry inside IO80 80, because an IO80 industry is the sum of its IO240 industries; the PSA 2018 Input-Output Industry Classification should confirm the single line."
2019 update to 2009 PSIC,group,942,Activities of trade unions,16,Other services,High,Inherited from the group's PSIC division into the published IO16 major industry.,80,Other service activities,High,Membership-organization activity is represented only in the broad IO80 Other service activities aggregate.,235; 236; 237; 238; 239; 240,"Repair of computers and personal and household goods | Spa, steam bath, slendering, and body building activities | Beauty treatment, personal grooming activities and other wellness activities, n.e.c. | Laundry services | Funeral and related activities | Other personal service activities",Low,"No single IO240 line is identified. Filled with every IO240 industry inside IO80 80, because an IO80 industry is the sum of its IO240 industries; the PSA 2018 Input-Output Industry Classification should confirm the single line."
2019 update to 2009 PSIC,group,949,Activities of other membership organizations,16,Other services,High,Inherited from the group's PSIC division into the published IO16 major industry.,80,Other service activities,High,Membership-organization activity is represented only in the broad IO80 Other service activities aggregate.,235; 236; 237; 238; 239; 240,"Repair of computers and personal and household goods | Spa, steam bath, slendering, and body building activities | Beauty treatment, personal grooming activities and other wellness activities, n.e.c. | Laundry services | Funeral and related activities | Other personal service activities",Low,"No single IO240 line is identified. Filled with every IO240 industry inside IO80 80, because an IO80 industry is the sum of its IO240 industries; the PSA 2018 Input-Output Industry Classification should confirm the single line."
2019 update to 2009 PSIC,group,951,Repair of computers and communications equipment,16,Other services,High,Inherited from the group's PSIC division into the published IO16 major industry.,80,Other service activities,High,Group scope is contained in this broader IO80 industry.,235,Repair of computers and personal and household goods,High,Group scope aligns closely with the published IO240 industry within its PSIC division.
2019 update to 2009 PSIC,group,952,Repair of personal and household goods,16,Other services,High,Inherited from the group's PSIC division into the published IO16 major industry.,80,Other service activities,High,Group scope is contained in this broader IO80 industry.,235,Repair of computers and personal and household goods,High,Group scope aligns closely with the published IO240 industry within its PSIC division.
2019 update to 2009 PSIC,group,961,"Personal services for wellness, except sports activities",16,Other services,High,Inherited from the group's PSIC division into the published IO16 major industry.,80,Other service activities,High,Group scope is contained in this broader IO80 industry.,236; 237,"Spa, steam bath, slendering, and body building activities | Beauty treatment, personal grooming activities and other wellness activities, n.e.c.",High with caveat,The PSIC group spans multiple published IO240 industries; all listed rows together form the target set.
2019 update to 2009 PSIC,group,962,Laundry services,16,Other services,High,Inherited from the group's PSIC division into the published IO16 major industry.,80,Other service activities,High,Group scope is contained in this broader IO80 industry.,238,Laundry services,High,Group scope aligns closely with the published IO240 industry within its PSIC division.
2019 update to 2009 PSIC,group,963,Funeral and related activities,16,Other services,High,Inherited from the group's PSIC division into the published IO16 major industry.,80,Other service activities,High,Group scope is contained in this broader IO80 industry.,239,Funeral and related activities,High,Group scope aligns closely with the published IO240 industry within its PSIC division.
2019 update to 2009 PSIC,group,964,Domestic services,16,Other services,High,Inherited from the group's PSIC division into the published IO16 major industry.,80,Other service activities,High,Group scope is contained in this broader IO80 industry.,240,Other personal service activities,Medium,Domestic services within PSIC Division 96 are absorbed into the residual other personal service activities I-O line; distinct from household-employer Division 97.
2019 update to 2009 PSIC,group,969,"Other personal service activities, n.e.c.",16,Other services,High,Inherited from the group's PSIC division into the published IO16 major industry.,80,Other service activities,High,Group scope is contained in this broader IO80 industry.,240,Other personal service activities,High,Group scope aligns closely with the published IO240 industry within its PSIC division.
2019 update to 2009 PSIC,group,970,Activities of households as employers of domestic personnel,,,Not mapped,No distinct published IO16 counterpart identified; left unmapped rather than forced.,,,Not mapped,No distinct published IO80 counterpart identified; left unmapped rather than forced.,,,Not mapped,No distinct published IO240 counterpart identified; left unmapped rather than forced.
2019 update to 2009 PSIC,group,981,Undifferentiated goods-producing activities of private households for own use,,,Not mapped,No distinct published IO16 counterpart identified; left unmapped rather than forced.,,,Not mapped,No distinct published IO80 counterpart identified; left unmapped rather than forced.,,,Not mapped,No distinct published IO240 counterpart identified; left unmapped rather than forced.
2019 update to 2009 PSIC,group,982,Undifferentiated services-producing activities of private households for own use,,,Not mapped,No distinct published IO16 counterpart identified; left unmapped rather than forced.,,,Not mapped,No distinct published IO80 counterpart identified; left unmapped rather than forced.,,,Not mapped,No distinct published IO240 counterpart identified; left unmapped rather than forced.
2019 update to 2009 PSIC,group,990,Activities of extra-territorial organizations and bodies,,,Not mapped,No distinct published IO16 counterpart identified; left unmapped rather than forced.,,,Not mapped,No distinct published IO80 counterpart identified; left unmapped rather than forced.,,,Not mapped,No distinct published IO240 counterpart identified; left unmapped rather than forced.
