sector,01,02,03,04,05,06,07,08,09,10,11,12,13,14,15,16,17,18,19,20,21,22,23,24,25,26,27,28,29,30,31,32,33,34,35,36,37,38,39,40,41,42,43,44,45,46,47,48,49,50,51,52,53,54,55,56,57,58,59,60,61,62,63,64,65,66,67,68,69,70,71,72,73,74,75,76,77,78,79,80
01,20129.3150475094,84.7301944537502,50.429733399689,34.7316659717244,214.342677092909,39.2022394981398,29.9630082653784,1.49386478641766,35.2321671117765,14.9774649733136,3.50598462488858,15.113491248022,37.1663125096284,255.751120034223,4456.37094543359,2228.06293350926,41.7788386010356,8.61702494900258,115.904042399587,48.2020105124469,0.288592710321633,0.04262565724599,2.67835100118499,1.76480985585362,0.253866043970136,0.489711870435442,442173.143515514,654.496208146643,146.218529729704,401.247061447967,8.20148390752215,0.583585917679983,166.492287267621,66.3829907917994,25.0307013297093,10.6149958488674,119.980300874534,23.526867924857,122.855485603124,123.195434263822,4.34578494227241,1.53378457477741,11.3428452617257,2.1219689102937,1.54821009194081,6.47786836151271,1.62201544755717,48.9574880711634,5.72528690835021,0.172454428141311,7.56442617187198,0.104790340116895,34.5362339618594,87.1651018317438,355.988349672908,2.16294769775744,5.03482209783172,2.72127602354727,2.11295507333048,1.85197704221908,0.703309273793578,26.5472158629597,143.284696901145,1.06344455156893,8.21892292077625,10.3598211425942,3.59568793363751,3.29293652418967,1.29677281949114,7.75706897447583,1.66502389276198,16.5360519712946,27.8430536199552,1.44737326833954,2.1998443432523,0.682644910971515,1.9649004717258,0.487125278445794,2.01195414283701,3.15671589316845
02,141.378393374092,3150.80028683635,70.8750059084842,8.57619302055409,8.67207290907425,1.54817370700194,1.15755719745067,0.0981839377702173,180.388128325516,1.84551874618247,0.152616983935162,0.745226156908269,1.47931155882293,16.1592416986259,1473.16603515427,1119.08632031163,17.0586701555819,4.95501328647177,4.24595121603325,9.09721422090503,0.023153988424828,0.00704700153567326,0.101418330790598,0.0847377837906233,0.0128802397524786,0.0502532044973523,139900.161986478,274.681794066734,5.62420550609568,15.0543427632783,0.914590271083253,0.0629114103879457,6.09438098340956,2.69977947888293,1.07276442283415,2.38416178948755,5.37399305846148,0.953235055260359,4.52842073333483,4.75055383189302,0.797548841459485,0.216308836551566,2.43523812283346,0.479480764296313,0.334928197416515,1.40709034685114,0.159901932647852,2.14745053815717,0.913388676068823,0.0350324183718302,0.283680139339134,0.0154682060839312,6.05682782169396,7.54434084943771,30.9134182718607,0.324788003391062,0.740125242635984,1.04805574385235,0.261095717224048,0.220297358136889,0.125570939281304,3.86086760971829,19.5000335927329,0.177494791338906,0.822899888123366,1.0296524543464,0.399022016305793,0.329918959928267,0.141775477480359,0.895098684107827,0.190797101144356,2.5320409708935,4.64892131414375,0.205564793661422,0.317414251939355,0.101303030601093,0.310695570618727,0.0722666160702673,0.458351776290319,0.662430382298125
03,0.358788557398029,0.120101987380675,1271.81603867334,5.42894998063256,7.2750929061713,6.63545909623635,5.89141131530651,0.851324671048208,18.4115486802065,16.1558805722548,2.02996490623901,9.1846528635476,22.0758421660239,57.6050641556459,818.102237084988,330.115239333878,6.53643011860396,4.40834149153037,4.07830726042227,1.48132839954441,0.101079629348803,0.00555241970490577,1.77730055424321,1.13060377408905,0.158287593742815,0.148263327216411,82001.3341691973,389.466209498281,102.361506015285,180.658032793978,3.07904622207271,0.115439067818904,116.293345454408,45.4610997577328,16.9268136537736,1.82224271799086,62.1004941093194,7.35844211735017,85.6912443027109,85.1142161894745,0.609567870243157,0.230013963169648,1.86131811583873,0.366458299497211,0.25600349058587,1.09716954489719,0.737539160678964,32.9039485523028,0.855231898116254,0.0267771682916882,4.94522389934331,0.0118251477055069,9.93740691303979,125.97233671468,506.014467342703,0.318329972024838,0.565647056795909,0.675996166668462,0.1995396520902,0.422339521675119,0.0959714835810884,24.8063567648306,105.459907689379,0.135666112915623,0.628936105084351,0.786940176980888,0.30495623366639,0.252150358149585,0.108363493922253,0.684180310455502,0.145834836242951,1.93542882658894,10.0287345968803,0.211305693139867,0.38263066104812,0.0775001209148926,0.237608165610443,0.0552666517056188,0.350326616112675,0.506323533771003
04,0.046893128947125,0.0143397130162426,0.00390944687079397,351.558190686708,20.2854234160218,3.71465833179936,2.84774128994246,0.136216110054642,2.92715323449853,1.25515515380991,0.335611260345882,1.42525018265946,3.59677089903951,23.3810359517572,114.49114769013,47.4433912447362,15.5237847940552,0.597221817794485,87.3982867107531,1.09925223860663,0.0160285735127295,0.00165394991257604,0.241915191887069,0.156578474197086,0.0220597240335999,0.0257086897099211,35496.8837486858,1080.75151795654,14.2889062442038,38.2450638035488,0.581581941075915,0.0231781122632078,15.7650986660653,6.25900093499919,2.34785790137536,0.545942014003192,11.1173826156628,2.21362124369545,11.57446627003,11.5708153298905,0.182499826376691,0.0581285641879932,0.558232379418208,0.10956362039963,0.0769174803757367,0.329500821126364,0.117047007124088,4.50801773446585,0.229786508693308,0.00804567220504849,0.67323475159612,0.00358389028093598,2.06461558619329,9.58247953994976,32.6563613646447,0.0800997551411009,0.168849997102731,0.142616238081404,0.0616790456342096,0.0502419169552214,0.0286924659217618,16.6303446896798,106.119220565061,0.0407203105830941,0.353267620324679,0.246102021988764,1.212306403645,0.075378211254163,0.0325101729917493,0.205700757994111,0.0437921661549487,18.3349728712715,3.50305184564391,0.0715038327138556,0.14060779615466,0.0676633572042237,0.156674361832724,0.023876824645579,0.189448217784316,0.236158624159054
05,0.814600962364986,0.280262989967264,0.0804213299492739,1.00361832715281,1282.97781095413,0.0545268013319502,0.0899834259799521,0.0111885578197215,0.0685169008477887,0.75047326417001,0.00937541376388419,0.0554687658756223,0.0743986431847046,566.106421901442,193.047648874512,23.1691259950931,9.70334290816403,0.0824108946684038,96.7741495451029,1.93897749450321,0.0201339989723512,0.00709440310621103,0.034832025357188,0.0431711146165925,0.00709376419113208,0.0463906899278414,92864.8681313812,38.0108068301842,0.0526588900675227,0.548563186315913,0.327784628852622,0.0601526773399813,1.65366925058575,0.529733049922349,0.197473515191885,2.41611590447454,2.26469648138583,0.31023393182341,0.0852200773382354,1.55818993716177,0.80851113113876,0.216035564101036,2.46661337798649,0.486398453095254,0.338942650326332,1.4154486691781,0.127934107226003,0.461535673984393,0.918456045284877,0.0354515741220172,0.0986304486814781,0.0155865422789078,5.93706069367415,6.20059720111657,28.7542711666546,0.327700100526232,0.751381620110672,0.246938455241226,0.267648538946979,0.223681963675489,0.127384918838213,17.6877867587878,109.626921314742,0.179711527019284,1.01673876877298,1.05665128991704,1.64090380333777,0.334699740977304,0.143579098613071,0.905533915424255,0.193137298637268,22.2763963609278,5.34942159637475,0.223603142747958,0.368297028155935,0.150419090629529,0.405891881639642,0.080617221297117,0.557115479185317,0.763523987096662
06,0.0481772958204296,0.0147339019466447,0.00341614451418357,0.0711606173793062,0.0179500299448632,376.596219835732,4.101958526633,0.316015734453773,6.486397286226,2.09805960665766,0.658019015520094,2.63736973244009,6.0129350265703,16.0781612169912,16.4115228276904,6.31713520314478,3.25510759694958,0.00205693732833133,42.8637643034234,0.484172435675289,0.00442879669419831,0.00165766973005181,0.00293868307287094,0.00682327587374533,0.00120414970720172,0.0104849854035247,22630.7423499465,96.6018515812731,0.011509650098643,303.009888590551,0.0683206001796595,0.0139666589519956,0.0575231838835229,0.0854816895710306,0.0460615306752655,0.561919071496688,0.297145839564635,0.0260024516465852,0.0198243066492298,0.114701399091414,0.187980971216328,0.0501665857223447,0.573920006994726,0.113022464799101,0.0789247068306452,0.331086797415424,0.0297847732716484,0.107469036635764,0.213311206965334,0.00825525008014201,0.00854652676273614,0.00364305837842429,1.3623824316212,2.2494855642492,7.94252848854221,0.0759516541386045,0.174478185840075,0.0734968997894682,0.062625361711634,0.051934219724521,0.029599455700216,104.239136911697,607.242568621079,0.0418286784232832,0.275219523827652,0.248073168781425,0.646109929434068,0.0777686017786816,0.0334119835581053,0.210918373652325,0.0449622649014047,9.75366202961648,9.00503538020552,0.0583796699910171,0.102297945339126,0.0457198125027916,0.114974200743232,0.020631477540138,0.149419118739091,0.19752339858781
07,0.0507456295670387,0.0155239543726795,0.00362955587696017,0.0767160391975379,0.0189245657451528,7.29968562640924,332.68980092845,0.000373797581174272,0.00083901099623271,0.000712947060866078,3.00035576374759,0.000356469686286366,27.4202028981674,10.7140403304683,17.7245453688732,6.82426925815417,3.51546567959447,0.00215184164767938,46.3106816220465,0.52251686661696,0.00468116900138403,0.00171155161446843,0.00306049313053975,0.00708531926284706,0.00124329680933353,0.0109335347329243,9761.83130627009,28.1697902451695,0.0120945410603442,2414.51262715041,27.9267750508443,0.0147706377614526,0.0593932865087788,0.0889524215367037,0.048018113328987,0.593873186483681,0.309724391564918,0.027576575826789,0.020929191310954,0.120153282771014,0.198943260895603,0.052431262106533,0.605295262147763,0.119940153598043,0.0829391597404622,0.340286152674625,0.0311445626904485,0.112945914672787,0.224543652830901,0.00867440583032906,0.00906333756601671,0.00376139457340093,1.45094490054048,2.42378419441877,8.52073402478535,0.080832746541045,0.185734563314763,0.0792441794722672,0.0668616477082672,0.0553188252631202,0.0314134352571243,8.33169897842501,51.7513028737309,0.0440454141036612,0.293661348509068,0.263515923422827,0.69799058756197,0.0825493828277186,0.0352156046908175,0.221353604968753,0.0473024623943166,10.4476912939461,1.43525636713835,0.0583069542158039,0.10153815429496,0.0481124524992709,0.120696572655798,0.0213608231193757,0.158771871141365,0.209216046869313
08,0.0104391153634767,0.00318970822562303,0.000731765286773457,0.0156542161271867,0.00387842261103475,0.518854596949286,1.32771522520036,24.1851675482889,2.0995914554082,0.679083786255555,0.212986800225984,0.853692679366762,1.94634340602376,5.19254014561792,3.61031352443093,1.38825880264167,0.715954473256864,0.000466741720991696,9.42271265489492,0.106490013013073,0.000949466481558502,0.000380741254752568,0.00065853948217473,0.00154204185024776,0.000276570487968047,0.00234090302000638,7700.5604853892,24.9427533506356,0.00251214681791469,0.0293852795673846,0.015806750132412,0.00298917798208833,0.0132119818300958,0.019201214914212,0.0102925185102404,0.120508446007302,0.0664248648909819,0.00551678529901894,0.00426552374872982,0.025267922473104,0.0401438117545353,0.0111262236904685,0.123870467278034,0.0239320607004369,0.0172221436390257,0.077022102316855,0.00659632493116208,0.0234442103858022,0.0463075230753537,0.0018018401761686,0.00181362493863368,0.000836804472745676,0.28524406483075,0.0594646671771378,0.861483689313064,0.0159372307831258,0.0365843105383389,0.0159626861139002,0.0130340202999952,0.0108681764695057,0.00626612670198628,21.6426166633726,126.636372107805,0.00907170980558452,0.0592998009448093,0.0524724643926742,0.140006615542138,0.0164541622890222,0.00722573268158125,0.0462075738403138,0.00977794279228124,2.10344639156515,1.06628070925246,0.0128257998665348,0.0221542900394282,0.0101838776026362,0.0257562871587493,0.00466797904890735,0.0323371886045804,0.0431030913749813
09,0.0338856798370392,0.010359130587203,0.00237537344320815,0.0485094689435269,0.0126098036333939,15.9992560332459,41.013263892167,3.15708693295217,545.558875049444,20.9761074181141,6.57920426909344,26.3729057340828,60.1286178072376,159.708423823907,27.0304094185988,4.2958285523892,2.32467370853551,0.00145966171681895,29.1907812336162,0.329584850366732,0.00310077175186123,0.00119610564867432,0.002097428504193,0.00488816893984499,0.000868858566035953,0.00747125838941881,10633.2473885787,7.89954266978994,0.00812133141544526,0.0918224257407218,0.0494576902572406,0.00977151275572191,0.0415060481155433,0.061074376708309,0.0328341381844428,0.393479453008898,0.211853146673228,1.03787856910514,0.0139014559079137,0.0812556510989112,0.131393724942881,0.0356433474555937,0.402986656987137,0.0787138709002521,0.055680883826894,0.240265662209767,0.0211487642122863,0.0758095091944288,0.150155015091629,0.00582467627869285,0.0059576856191816,0.00262874961321366,0.944294663411528,0.186810492741328,2.84149029990001,0.0526927847518179,0.121009309089705,0.0506611534063346,0.0432848170357841,0.0359891349471164,0.0206123596628672,5.47646585979355,35.580624482926,0.0294318650971316,0.191693139031631,0.17265905191929,0.451192416117341,0.0541432679161037,0.0234808191774559,0.149057952837369,0.0316740258697556,6.35825039131433,1.41343455295782,0.0404850656544041,0.0699984480725612,0.0323422162000053,0.0816919078052298,0.0147352072959844,0.103880680702328,0.138632763162749
10,0.0208782307269534,0.00637907533610646,0.00121908285436226,0.00191202304176375,0.00775684522206951,3.82803806285193,25.3982281879925,3.01725832855355,102.03633874564,292.663431140899,10.4854688128117,99.3718035569031,1.55947146940334,255.490391691726,0.00717325209728993,0.00941320441148937,0.00472313502690442,0.000673386494952681,0.0226323370009979,0.00585240457469497,0.001898932963117,0.000761482509505136,0.00131707896434946,0.00308408370049552,0.000553140975936095,0.00468180604001277,1.50322322517456,0.100414510968682,0.00501031870860454,2938.29048706372,0.031613500264824,0.00597835596417665,0.0264239636601916,0.0384024298284239,0.0205850370204808,0.241016892014603,0.132849729781964,0.0110335705980379,3670.69675739172,0.0505358449462079,0.0802876235090706,0.0222524473809369,0.247740934556067,0.0478641214008737,0.0344442872780513,0.15404420463371,0.0131926498623242,1209.74413604563,0.0926150461507074,0.00360368035233721,0.00362724987726735,0.00167360894549135,0.570488129661499,0.118929334354276,1.72296737862613,0.0318744615662516,0.0731686210766778,0.0153309710025691,0.0256024366188703,0.0217363529390115,0.0125322534039726,0.0852261837726994,0.486644312592683,0.018143419611169,0.0825199935950216,0.102608894112607,0.0394572922029879,0.0329083245780444,0.0144514653631625,0.0924151476806276,0.0195558855845625,0.26269964814346,50.2914703994122,0.021931572831003,0.0335433636912391,0.0109589667067088,0.0334700292202741,0.00781810507595223,0.0464610354421245,0.0678161848421205
11,0.00150080640606233,0.00045994965523021,0.000103727371706395,0.00146719483921199,0.000562923381827589,0.0615991704927791,0.157565174662951,0.0121355983329171,0.249167232735441,0.0805894627062159,53.0851161376578,0.101311247665038,0.230980712517014,0.615558287427715,0.327668407431011,0.125964849768388,0.0649776111911198,5.0989524818715e-05,0.804468703024947,0.0098218065152561,0.000141427111694944,4.43011424751057e-05,8.41297593736033e-05,0.00019091690974409,3.21822681804656e-05,0.000303134425234546,1384.28595834534,0.31837471799062,0.0003512999047863,0.00329008352392544,0.00178686522688588,0.000447727561524503,0.00153737550948498,0.00243177033436463,0.00132873278684187,0.0179299093400204,0.00856248645444861,0.000850007966175463,0.000627785192196501,0.00343211218676435,0.00605615400469001,0.00147560279556817,0.0180444707851953,0.00371073433874475,0.00241757126581412,0.00851582732147054,0.000879327612831347,0.0032941648654965,0.00661540020430067,0.000252711662095862,0.000279259654200425,9.73435471223327e-05,0.0458308205689291,0.00691931149617566,0.135679831578091,0.00254307355940469,0.00585125143470219,0.00211204978044276,0.00212768297325119,0.00174890559490576,0.000972294920054723,0.667374019420193,3.96633927139558,0.00130023738320648,0.00802194403736747,0.00811019903737221,0.0146078785306161,0.00255772205915172,0.00104561306171685,0.00639837701300923,0.00138857941571883,0.334962709047717,0.0613986908934412,0.00147387508947069,0.00250066686034239,0.000999996943676301,0.00267464083368557,0.00051329134812018,0.00425313890128363,0.00571057009214667
12,0.0104391153634767,0.00318953766805323,0.000609541427181129,0.000956011520881877,0.00387842261103475,0.0182319768170484,0.000249323558589358,8.31552829030727e-05,0.00018664699897561,0.000158602723845858,0.00707841393799965,162.435199700693,0.0644867698534466,0.027157152132594,0.00358662604864497,0.00470660220574469,0.00236156751345221,0.000336693247476341,0.0113161685004989,0.00292620228734748,0.000949466481558502,0.000380741254752568,0.00065853948217473,0.00154204185024776,0.000276570487968047,0.00234090302000638,0.751611612587279,0.050207255484341,0.00250515935430227,3002.08105590661,77.6544994229379,1.96844480126846,131.383291944338,1005.6317258046,524.076391478543,0.120508446007302,0.0664248648909819,0.00551678529901894,0.00426552374872982,0.025267922473104,0.0401438117545353,0.0111262236904685,0.123870467278034,0.0239320607004369,0.0172221436390257,0.077022102316855,19.6314864176091,135.480078463715,0.0463075230753537,0.0018018401761686,0.00181362493863368,0.000836804472745676,0.28524406483075,0.0594646671771378,0.861483689313064,0.0159372307831258,0.0365843105383389,0.00766548550128456,0.0128012183094351,0.0108681764695057,0.00626612670198628,0.0426130918863497,0.243322156296342,0.00907170980558452,0.0412599967975108,0.0513044470563033,0.0197286461014939,0.0164541622890222,0.00722573268158125,0.0462075738403138,0.00977794279228124,0.13134982407173,0.0509863329766681,0.0109657864155015,0.0167716818456196,0.00547948335335442,0.016735014610137,0.00390905253797612,0.0232305177210623,0.0339080924210603
13,0.00915494849017213,0.00279472852830647,0.000658393385273974,0.0168851064743358,0.00339115471088992,1.90683438937312,1.5958576195729,0.147550104374583,3.00568992863756,2.8020728534233,0.494255347695064,1.47927254978461,444.789263216453,6.93035384044487,4.2937108864822,1.51319016665577,0.783252772181735,0.359964565094626,10.3425215923815,0.123581461693478,0.00791339747390109,0.000367840992615096,0.145131884684011,0.0920398973758173,0.0128791793744386,0.0114572668029462,2437.68026469959,13.9543875365455,2512.2502170242,42.5991411796871,0.295276061994593,0.00811304703494203,9.49126844225842,3.60453954787177,1.32518546262736,0.104531388513805,4.81848668562416,0.489002191518614,33.4841481543772,6.9511428338568,0.0346626669148979,0.0154927746402652,0.108182839701515,0.0204732163009661,0.0152149171841171,0.0742446627071162,0.05622586264283,11.3944997151293,0.0540489662165165,0.00159226230107508,0.403615972702357,0.000777636375257358,0.692343623739132,1.54160212501513,6.72897591455841,0.0174805177748505,0.030956121800995,0.0155386796415617,0.010991133732083,0.00917587370020612,0.00535913692353211,2.1892926675661,14.0498942558269,0.0079633419653955,0.0552331183604719,0.0450848063109361,0.148431420604085,0.0140637717645037,0.00632392211522517,0.0409899581820999,0.00860784404582529,2.10453556033276,0.819858617265444,0.016836290593117,0.0334027511013361,0.0104454028585977,0.0257539961576708,0.00449714389882142,0.0301444499171302,0.0398839097924929
14,1.14003351255533,0.368331809044011,0.0882274081734154,0.577560039658181,0.352707575050813,54.912938124125,161.286957716095,8.62334466950682,175.711252610296,108.619862370414,14.4499670086953,78.8660556630841,161.116702347174,1921.62923697001,278.891526892196,44.1700419221546,23.9082305987634,10.3756283753303,299.408902570158,4.25423386890699,0.267453868306341,0.0337751678877516,4.20557941232571,2.73176684323071,0.386885063114231,0.45419332357695,72366.6607913635,4319.22190494688,352.366479839384,1218.71481804287,9.52219474940109,0.359644334115056,273.612975938915,105.508268165631,39.089555180935,8.10400853395672,423.670387251706,347.510244036106,950.187404723629,200.969210793456,2.64718530767308,1.01932654121217,8.57270476761068,1.51504008592314,1.24927321381204,7.08391403943485,1.97062841952793,324.634325246392,3.67055751497786,0.130843560773853,11.6675533015904,0.0733598243036251,30.0178012339903,796.538042069454,3248.55598124283,1.07812544075847,2.20355618643211,0.707235936024788,0.745267198109386,0.647907674246263,0.3962334370306,172.226014838388,1035.7998690818,0.641198401157506,3.23573700956894,3.25732847707012,5.01764252651606,1.03758314099035,0.504458840758014,3.40722752906425,0.699219063612756,71.5891135096875,34.0320738179899,1.15750057177893,2.00014645619786,0.633311142490751,1.73894877806028,0.367741423043348,1.86988552526147,2.70038909384562
15,1336.40046408,477.117001194262,148.407788187573,1960.27848711234,273.865887502496,41.6135356263057,29.3006929148001,15.1511975708394,17.8230965157857,61.2125470916393,5.47799257532989,68.8274522742647,39.1357065638854,1561.75585744712,379132.91730761,10019.5729269205,1501.69591936404,42.903376611889,1851.87876336652,1781.33561195648,0.0297240610359004,0.0177399685209205,0.0271638897659194,0.0664593415563447,0.0128854176677422,0.0946462257642513,109151.270888098,64.8771032573884,67.6215144582975,184.452459180573,83.5788999834453,0.116270684704735,2.20984602180547,13.0060493510799,6.77810582289353,3.78218440106723,7.68007083874395,2.44887629903946,139.391999647154,0.94656534568793,1.22084232173946,0.433523120934816,4.06855352197064,0.680776162558148,0.608439484990146,3.79789385139694,0.493077544185651,61.4641967992025,1.58209063535784,0.0637616140017846,0.052504267269045,0.039000134273597,7.36243647209663,9.63479769281403,57.265253528355,0.467357223995454,0.956861445067078,4.06522188067323,0.30999933051537,0.279256812800661,0.177912623427395,8.84942031867698,47.5718087364858,0.307930938870911,1.21758903927127,1.43875574590088,0.517194397410968,0.465030317465861,0.240601492297606,1.67375127385947,0.337944047077837,4.90271661812279,480.589050782023,0.510988490722056,0.781617330154576,0.255308685890187,0.764308684525178,0.182128846486177,0.743681140912925,1.16277355587811
16,534.360452191225,190.788366555954,58.7967325137575,75.5152108693046,109.541222817897,14.7279515884562,8.95960514736624,5.78615548107401,1.92200188787057,34.8719356949594,1.87479720579095,24.9251950499239,10.5354136982455,100.043128209281,6369.45969910421,228494.132303251,2600.80961626251,17.1544473657469,433.87339005748,1475.35254736293,0.0257494998372242,0.00959221806776663,0.0170344639838853,0.0395286350867751,0.00696790130630816,0.0607932840658415,58695.0465949091,1.29138735280403,2.96487602462919,0.732693529147648,51.44451827912,0.0812127651346139,0.33286217278367,0.495424288494808,0.267054956868213,3.26698304046632,1.72273944849697,0.151284986670594,0.115232758477511,0.665666413915181,1.09322316038307,0.291005628835694,3.33533720226684,0.657661572493641,0.458333323799754,1.91409835980529,0.172792209408128,0.878277130607346,1.23917594164943,0.047939238179777,0.0497239410394234,0.0210807138952884,7.93333175935607,1.52407502699595,26.3124329777094,0.461302633320285,1.01591299323946,327.204692808559,0.358605410872873,0.30242944464692,0.172237597277764,457.574198053052,2419.49358042078,0.243008728574303,1.12830746060637,1.41246811496481,0.547696289381612,0.452547838907586,0.194147979233407,1.22452028373185,0.261165745362603,3.46256561135917,198.113434749326,0.276269279017082,0.422543183827414,0.138050193426732,0.423563241256844,0.0984847164039767,0.627941061203484,0.906827894510248
17,245.928132775373,87.7961537729711,27.4845622384937,25.8488593302861,50.3840674890765,8.26410976742663,6.26424431882967,2.87286970145206,4.92256131744779,13.3078833982189,1.11142335618796,13.4875002972996,8.73568517895353,46.9426938381308,1421.93126338408,16237.0139290821,48026.510263186,7.89378605496523,443.867830033965,379.87380345243,0.00057090802077992,0.000299918428127643,0.000475824395671519,0.00114897676659517,0.00021784983477033,0.00166807902590691,6146.70301287929,19.4847753037338,19.5795607601143,56.8770211931122,3.98809728926097,0.00918576793095648,0.505190147487808,3.80146562231511,1.98116449769562,0.0725772735268129,1.58942923825239,0.72166411684137,43.2605154591638,0.0170900969537049,0.0237003772356231,0.00772920911418595,0.0768075845484786,0.0135555275020245,0.0112004642743001,0.0632230694280528,0.078470489904105,18.8711106163667,0.0294588542770025,0.00117310655088804,0.00103840873371282,0.000659300180280722,0.152400361451831,2.15484099376802,10.0976673102242,0.0174038072676954,0.0196997443263071,10.849367922389,0.00659050317177076,0.00579126816160688,0.00354515736662376,15.8334560528455,84.0415979284597,0.00574660628501747,0.0239057192881277,0.0288077535721261,0.0106379271614373,0.0092829907154666,0.00452030098251303,0.0305547268656721,0.00626764655291341,0.0886221152611454,25.0357595472327,0.00866126611416049,0.013276618364883,0.00432309543395913,0.0130053570779259,0.003081613444539,0.014168664145025,0.0216234051153317
18,0.00787078161686757,0.00239954726295288,0.000440575104256285,0.000811921517873639,0.00290388681074509,0.000856706099492822,0.00021576826487984,7.13905830282208e-05,0.000160240427452676,0.478019527623999,0.0250397871863452,0.141830310167354,0.286723029346089,0.336448560899846,0.0026757173872886,0.00665786911225063,0.00177605115446006,98.8831960595036,0.59661387457219,2.20946697532752,1.95082857618729,0.0041887380489845,39.7545754571975,24.9286857110394,3.47195937614107,2.5710280567988,955.542540248214,25.5638721165047,0.00192259754713856,10.0802147761367,0.0137733498798597,0.16468971620127,2516.74743073302,292.143724918139,0.00833593585651887,0.0885543310203091,1019.69240965614,0.00394266111881515,0.00328078630692856,1905.72636108771,0.0291815220752605,1.54217488645211,0.114747173865594,0.048722772035403,0.0168790572453875,0.569253089643605,1.12134757860647,0.0194608731923963,3.70909126070153,0.00138268442598156,110.587847207684,0.00071846827776904,124.601845166223,1.17916983489827,3.47724052369162,1.12117676294086,0.025327933063651,0.0052323188678793,0.00866074155099222,0.00753966182841461,0.00445214714507793,0.0351332267901875,0.190924762495329,0.00685497412520649,0.0319428765399256,0.0363066514001852,0.0136681668081228,0.0116733812399851,0.0054221115488691,0.035772342523886,0.00743774529936935,0.102864684864674,0.567005674664633,1.27213221789191,3.27657016269473,0.00470998940109031,0.0142527508177344,0.00335672167635908,0.0171897388171372,0.0257183008839079
19,723.967152139143,249.784719819662,69.054289363439,76.5947293876168,176.338366643916,34.3170123154969,17.1144604073989,8.65294889628727,7.89626667117529,29.6045932419496,3.43588641161299,30.5534027628698,19.0745600840902,165.22952133992,310.334672523081,126.657737802667,66.0636609108039,1044.06944369179,24544.3742762826,823.744497060661,31.4207345367544,11.3548105135572,423.866106867845,295.647174400347,43.8817688260244,79.2362750408114,127520.696357479,1515.16154527057,46.6052316127118,1050.59585430192,498.249705020997,36.1757033152354,26243.1778508181,3464.51483773723,234.793134348217,1456.43574062789,11995.2524954407,50.8531007564757,58.5426941617045,20059.8830642083,439.856813477491,247.775427312684,1706.75661212871,207.684867173448,286.891024129736,2536.68553924956,138.168662348802,685.946949096598,746.646094715533,30.1367772074402,1152.80521157352,24.8811593883765,2879.20805123013,1777.8677789566,6360.85843797352,110.455479516992,220.293547564721,35.5154154930932,48.3098531456825,59.6458166313223,53.9898289962257,473.367037978998,1720.73009263907,136.553173790561,408.957165987984,421.270079548446,120.179065884765,139.280015028697,103.352367754675,817.60971609144,154.187708319729,2492.15065583707,1393.40448719978,338.838407915852,531.894723811768,162.818902157369,479.410061117827,116.154840466242,297.670336056981,524.081074311181
20,43082.1566565896,15383.1238825976,4741.51435701728,4381.6486085378,8840.13922763818,1185.86005137888,723.184362904075,466.612993470587,155.475970511927,1491.33549545576,151.235602876474,2010.7636179543,850.297198879458,6843.80426935799,19691.9698052883,6510.46582683819,3573.8631323726,1383.08775711524,34841.2472947674,56978.209153898,0.021765425010213,0.00820752582363415,0.0145107002778515,0.0337233142850741,0.00596202788281087,0.0517521030235239,2186.77643212287,61.8840098802163,233.842243003096,0.643975071529876,0.3581195679029,0.0686273265457927,0.284810765479731,0.422202349906643,0.227372779395745,2.76166418500295,7.00338446499758,2.70526799523175,0.0974642062535627,0.565329169937672,0.923461421562728,0.247435914035441,2.82253715224408,0.554735790797094,0.3886018547885,1.64163495418832,0.146884182230042,0.529129866123289,1.04970736602832,0.0406475167754295,0.0419574176087598,0.0180377875996565,6.67906845472706,11.0422087793878,253.832086236551,1.91228382912683,0.855506362988345,0.259907831081761,0.301569610531575,0.254594190314706,0.145276309165717,1.88728180089841,10.8556001953794,0.205818288595849,0.952464637685693,1.19106469334337,0.46123819425696,0.381671837319852,0.164354486091459,1.03893902128698,0.221301028267656,2.94033301271222,161.485800662756,0.236438951292987,0.361708372554278,0.118140644061682,0.362166081769192,0.0842745415286716,0.531063947312185,0.768249555329882
21,0.384995983452985,0.108889812867018,0.0223417225125059,0.0306618997780647,0.133579940607924,0.0368420420424023,0.00625088856276789,0.00208474313470482,0.00468110191822419,0.00397791947445108,0.000982737650119915,0.00199240426629596,0.00386214867500714,0.0580268001426906,0.12381667849044,0.176772702322824,0.0899159179636199,0.00845715016765769,0.421113443155968,0.0814519129010418,15.7515566785235,19.925384506893,2.19584529665764,11.3907045486917,46.9547573092738,41.5946748659988,14.884100249629,27.1381706136604,0.0514419116948494,0.67337777000384,0.379334782933802,43.0383824792822,0.331337363521141,0.545879163552267,0.300790095528692,923.6018718442,1431.28379597752,0.126994914775785,0.149763290164996,11007.0700436677,72995.9005462341,320.879035145045,3.11817929941873,0.492799223567556,0.353190539638309,1.53550809728515,0.160432175415475,0.606971761041131,7320.1419732116,0.0369906940506718,0.231821818315223,0.0209703641167692,6.09621540714763,31.9513178206314,88.6696191333758,0.422837823850675,1.12379470177332,0.176534544606155,0.51977937211599,0.391007895856859,0.146371349298577,0.790878852276725,4.17196917650347,0.216639954495097,1.52365816203044,1.75251258990284,0.773710729141856,0.621950688664522,0.24787261527571,1.2954772687493,0.419972598249795,3.93616669860823,1.00032626780853,1.04911628940698,2.42046820386256,0.137440421371521,0.430386688321741,0.0980555239346066,0.47936704675352,0.681301846739272
22,1.07638144126958,0.304405651365529,0.062481972787069,0.0856815349134403,0.373447000458063,0.102972629083156,0.0174380472389607,0.00581578336388712,0.0130588331429604,0.0110971723433483,0.00274154495458927,0.00555823993463771,0.0107744447143705,0.161877072548551,0.346163104392598,0.494435004977521,0.251513857224322,0.0275751210090288,1.17791133961,0.227581411506168,145.753395603557,204.224105263819,20.1211012442073,105.451490908804,482.698006096597,914.913475316211,471.461145419433,2.67192719829381,0.143617850811021,1.87737023122237,1.05785213202168,0.300532018907375,1.75076709662747,1.52554528443907,0.840883288163049,234658.542407181,4.17939035613178,0.354953171432794,0.418735887624221,422.781285589322,137.907722997326,1.02768898813939,7.70867894268013,1.37767557091918,0.986542913346289,4.27825361976717,7.02035862215118,2.25384269790918,15586.964809606,0.103272363021601,0.751611338253882,106.435465167705,1985.23677844145,10.5222572474967,59.1611610292942,1.18245210687108,3.14324781822466,0.493663697330124,1.45440223135944,1.09385944335,0.409147306912129,2.20900976079492,11.6572743922432,0.605179924344415,4.26130837330581,4.90151126856155,2.16455906244997,1.73966104439409,0.692956650832068,3.61928855427833,1.17436275413781,12.7731031534659,2.78979005122776,1.25341299616477,3.74111661733852,0.435854969996429,1.20088277985835,0.273545169100452,1.33897675953879,1.90227172543869
23,2.2984565738164,0.654118252823992,0.133637592701992,0.1848993879991,0.801999384987444,0.221808462644746,0.0383960022636269,0.0128055054339441,0.0287524899884197,0.024433263836749,0.0060380458570347,0.0122355969327052,0.0237264021407071,0.3564264477716,0.743339747823075,1.05588106927806,0.536664483912131,0.0519376073440045,2.51666009844422,0.49799905490627,1018.76706683033,1018.80148262567,140.218631257087,737.195342558183,3354.0225177999,2151.40552113348,94.9037359246459,6.09232326591617,0.3254338067187,4.1710163735055,2.33868817351039,0.643578062132542,2.03517715681212,3.3201884881549,1.82581791579255,14.8876313171844,9.33670612244652,0.795221202014494,0.898102184424855,4.54081015674267,10.7914496877687,13705.5431839844,21.2193466158678,3.13017120237376,2.23483425418087,9.6630544901084,1.00041678335709,3.73815402821052,8.60919392141575,0.234020747753044,1.30965624500398,0.254973743855778,40.9314319335814,9.1942389891496,98.6808513674327,2.60928686938265,6.83477517215638,1.10786712857115,3.09144852687601,2.34602900793711,0.915227503857798,5.0887063568989,27.2297498675886,1.34695368561959,9.10984179079948,10.5503621509822,4.61033407343924,3.71363415689888,1.48856549496563,7.91090327085552,2.47954945460363,23.8763535359509,6.33217099393738,1.68982619503224,2.58666256866601,0.844249810350652,2.63812182566621,0.602273746884546,3.03717051660982,4.32533104912342
24,0.971692914121991,0.26935370828343,0.0560734260871149,0.0748398273733499,0.33104423933086,0.0904384624664566,0.0142688113879074,0.00475880678579342,0.0106869934356621,0.00908176605707917,0.00224111162268261,0.00455176194215646,0.00881179168026639,0.132460397760402,0.306922017734775,0.445766005561287,0.227322369087478,0.0193190803168313,1.06006854661396,0.189598235526372,146.404926445148,260.654640004457,20.2097292407013,105.902624132978,710.261284128512,773.54232749148,30.5071358333223,1.9083973320535,0.104896919190477,1.48856149649415,0.853723326852568,0.268709805686239,0.756418978749668,1.29244226771072,0.717341542066905,4.53861333751877,3.23595351340209,0.270577353610916,0.37264597552011,1.99749516617829,15.3809264020316,384.289221357535,6.76115578836199,0.990068825373565,0.719584662191243,3.18539434268969,0.364350741920769,1.37597675787857,3.53953156657033,0.0754172605337913,0.68645262368055,0.174020464921777,14.7601433645651,3.41283486785893,27.4747334576013,0.953529248264877,2.6695857682247,0.373236416590586,1.32941522220741,0.972214001653995,0.31369954291912,1.49948630480421,7.39792489874853,0.473971024417705,3.82967367287434,4.30809215772776,1.96674910467476,1.57025865625739,0.613773529658807,3.02798144320611,1.09750234645962,9.42082721287204,2.02878619244965,0.628441822905877,0.963326871822111,0.313848098236606,0.990227453905727,0.223872488848404,0.972364092461861,1.36905405669246
25,2.97848843438941,0.833788443337109,0.172417833000787,0.233096516763911,1.02387003835119,0.280949642916416,0.0458805063247368,0.0153016474349076,0.0343608984006389,0.0291995271609734,0.00720969336776995,0.0146298942788124,0.028340942351311,0.425913176181081,0.949188174261041,1.36769703034762,0.696651570013876,0.0620964264318786,3.25508792726163,0.604777473995377,245.453687011016,431.937602585061,33.9888296256847,177.524246841339,346.261015396307,726.633039593981,103.076180385404,6.59445196087173,0.358452172149057,4.86297324019418,2.76401020629804,0.827693721429792,2.43209074985328,4.08372153139522,2.25882200123726,15.9074481754827,10.7129352090919,0.904382567767526,1.15039674738807,4.82847094287655,14.6864228209273,1475.41377129591,39.4015683530128,3.41549362477657,2.46012353824453,10.7528668743458,1.16420227191148,4.44830306961969,10.2301766467078,0.257736744875967,1.95367064567782,0.15390760847463,42.554787967919,11.1181786090183,101.049884861353,3.09522509494891,8.43905172113988,1.25352029779915,4.05262358708721,3.00448980996581,1.04535783859952,5.33809621732756,27.3774549549138,1.56093310321402,11.7678093408734,13.3851714166166,6.0123112763826,4.81520248120647,1.89904638200206,9.63705919132574,3.30813459881342,29.6227079871618,6.94040408033592,2.01873253550214,3.08753505623402,1.00887479279049,3.17190905822441,0.719779836187638,3.33455142962695,4.7165401676703
26,2.22751689100862,0.629890104358931,0.1292536908402,0.177351304032817,0.7727250185814,0.213108524304118,0.0361377798972948,0.0120523657181893,0.0270625290403486,0.0229972724100661,0.0056814647920825,0.011518613891706,0.0223285139671149,0.335466197509928,0.911530228880648,1.02272199291212,0.520220740217831,0.0608394783104588,2.43666431201097,0.470907345762009,803.782132290207,1159.0635131817,110.666542840451,581.606917921915,2482.10352271934,4545.41719208167,1954.68936301826,5.53548001414367,0.297069743184824,3.89200366067603,2.19280032103308,0.621744312790425,4.39484837100312,3.16056343813282,1.74198159163471,13.439561492716,8320.97261962975,0.733576729489842,81.6183624018153,22360.5936079078,1435.11651740771,13416.3069375099,29.9782764858196,2.84668246924596,214.464248358033,8.87185974480643,195.319904652268,129.010649350306,1877.82462631864,0.213615711548336,16.1961289666171,464.538101089331,28115.5552954262,8.70236907724776,94.0694257234452,2.44364393981944,6.4977473573326,1.01961758119848,3.00752963256975,2.26180622261268,0.845540385472497,4.56425500086315,24.0635475809256,1.25177468430914,8.81492858188775,10.1365523447859,4.47660053093548,3.5983419388141,1.43386906496013,66.3060684195602,519.491371304323,30.4820500302402,56.4826170334509,4.37690994738141,17.1742352397213,1.0650657190084,2.48830175722128,0.566881756256156,2.76801604622331,3.93389257835078
27,141.440947870237,42.5220950771666,9.90743616127687,508.553378605896,49.8521490701857,16.9776420181112,7.14746730437013,2.2801860955132,5.11801387687574,4.35776230433162,1.07742307285851,2.1733488818835,4.22928408945408,855.335768131088,120344.090561687,48878.2921565853,25649.6532283319,13.591350569884,264813.836154101,3514.60602060249,10.3733765572096,10.4382324379606,14.2576800242042,36.4624733457116,7.5813651900245,48.6181400993831,1050112.82199891,62761.7999465145,38.8670670437864,870.89877771018,459.846294718434,31.4054068780931,362.165453530773,426.451008209722,215.835563403232,1326.90209266759,1399.39395741099,45.9789114891149,50.4386334107512,443.828126093893,399.862801353835,213.468659070587,1559.00283368475,187.641174564213,262.893668578713,2337.24829346221,124.282620817977,356.271003505915,648.733037122045,27.6176452163889,15.2052810023055,22.9530033598607,1425.75727779336,3582.62369304066,9009.83883088418,88.6466323667606,196.423193611572,182.336885620217,43.3125231180543,53.9376703557118,48.7688379768861,19743.988281649,115363.115225037,124.927254370524,1969.17058458883,485.797642909094,11004.9385555093,125.743806039848,94.4692975710525,749.88941261511,141.168840397745,40317.3861295523,6392.23813313528,414.341988125143,755.224821135077,279.258122136177,687.662369315206,127.809801038391,576.56336492001,1294.34439643134
28,11.1168407273425,3.37182782322735,0.559752434480927,1.13371106587461,4.03461317295695,1.25525889019772,0.38803425388753,0.129441655099199,0.290539525851446,0.246885084881247,0.0611265189087938,0.123397583208499,0.239725065785448,3.61741119588818,3.68547964573012,4.0898348903085,1.98392579472992,0.524203916886801,10.174181051243,3.28638017486933,0.922807561328543,0.592600565648859,0.890402028175848,2.19402693230512,0.430430802939092,3.09195901428762,22393.1646611971,32886.4138880018,2.82833892250846,48.0501323563442,25.5405191326177,2.86084113532433,20.5619309798944,26.3422471048184,13.6681679093018,117.489564244398,88.4391197304312,4.85519091492168,4.28172120558866,30.5051147900811,37.6439013569481,14.0716960053832,127.682353307059,20.6431484549486,19.3876311310455,127.878543564027,8.26194436042554,26.3352780691367,50.0691233676721,2.03239937831699,1.5993134058155,1.30284441346577,217.670957308431,15243.2104859936,20293.4030103875,12.8288235215074,28.3515947527319,9.94247839083132,8.98446780925311,12.2757779563025,5.39218767567356,5841.75936430144,8098.47991991677,9.73203128319092,37.268268132983,43.4638483883825,15.3346175207953,14.077135332586,7.5731478313283,53.5963361920174,10.7206400752843,271.058095315629,181.068240528448,18.2115929956712,38.6283780621546,12.5021764229627,25.6476126310503,6.09978566999524,23.2062787974647,36.8271917603681
29,0.603771335363257,0.184192687758911,0.034237743053381,0.0566086403207839,0.223230340067971,0.0653910743764507,0.015814027924262,0.00527461364281359,0.0118391853507913,0.0100603120063927,0.00249203253459208,0.00502934287465515,0.00977805782710777,0.1467831971695,0.205916836071227,0.261725511066557,0.130546898116258,0.0213578734249981,0.631824711065749,0.171030670448531,0.0539102017562176,0.0241499482711434,0.0402394651491246,0.0954656500506487,0.0175421346816794,0.142206725297572,45.1365584235796,3.09323435541106,4318.68908003519,1.89019244272093,1.013276226891,0.169218770422326,0.838000219485612,1.17760209874554,0.626091642252966,6.84655451471432,4.04321287524458,0.307476112589442,0.243740856757571,1.50234671873181,2.2637281367308,0.668801695469184,7.11622702605292,1.32907995898764,1.00799896769561,4.97640375812943,0.395590336206705,1.37152596241126,2.68689828454225,0.105505819872964,0.10111799266748,0.053082131133693,15.5142365158018,60.4493027648675,276.288006620095,0.870404942071361,1.99526985332626,0.414075055704022,0.687370993393199,0.590564133019848,0.347847089546429,38.9721773786049,13.3655816075076,0.525496037296276,2.31049054145527,2.84023367339522,1.07649823101072,0.912473736397094,0.416533289792169,2.72245286723339,0.569033372381182,7.80188256151531,3.16507434007412,0.69553817465291,1.06378903531436,0.347547764408967,1.05475391283795,0.247939944413521,1.32616064731676,1.96932071465762
30,74.4279454645767,490.405007338794,13.5425316645646,10.5586291384013,340.833317985888,5.13576914945652,1.76998554554728,0.605950040479391,1.30858337989867,1.23672265925024,0.315317117197292,0.725876798021465,1.55461959508327,17.4641168904353,2.96473023389225,155.885639882866,5.75007857238249,0.665254966837958,2078.30827393869,7.68103120076944,12.5290457147784,0.356657603311544,1.60246812461391,2.54730004423788,0.782023977354364,6.3230918039516,457.052488948781,45.2302538482124,168.810253364565,4538.09226514383,21728.3501359903,3297.44480816285,399.532970143251,379.189236138365,5668.03463911593,78.1873629719081,4119.35048952313,161.399540459085,811.60818971009,1086.05588926827,9.02739659197524,58.3840357130782,3222.84875847196,1252.6882905935,569.947051738534,565.386712224451,4334.62111936297,3049.32605575431,33.9452670632104,0.970395995968913,24.8532235277235,4.93020534471395,3893.89446903146,152.605123243975,674.132643532465,28.4258915887999,298.17050608851,43.9117660482036,211.018931323008,127.49847650387,12.2131280045803,222.90025785688,1248.71258743279,303.176167267073,299.330850070019,455.944401829058,168.887797143717,153.422824385583,80.9586564376289,116.438767105696,27.3434016465992,580.772506086875,172.030342085065,152.407783345374,60.4854205003058,96.7102028009461,109.894798185231,11.3833665239931,409.602414820238,125.495477381522
31,108.633565522405,69.0680754613229,9.37828582024312,13.4498889791614,66.388901095938,8.38609058207842,3.13616528201943,1.06339549939562,2.3367190833648,2.08887402945128,0.504941051132492,1.07451046277653,2.09863370926821,29.679726845708,11.5365198048093,17.8604572696129,4.82030360952908,2.53746470613323,147.726999601166,17.4407578738758,15.1658235822386,2.48033774283193,9.60913553795198,10.5201574940529,2.14756562468552,13.1559572231892,3309.24856583241,265.197788264203,18.5701887394632,718.08701638676,29264.419904866,149.047475490946,92.5530969402798,98.7290296502201,246.47787325335,349.69036067179,1110.30527122751,136.374713166682,131.287559752509,148.650214283718,99.6556593754169,62.9802723797946,1295.67546299265,120.567545041802,260.560079093756,675.197735019426,206.482168865573,1227.47580079359,174.383246985975,6.7990836406262,10.8254291250639,6.26947225255028,730.780505099921,372.927559165125,1491.92674849559,36.8853105994566,123.278880150497,21.6210690610299,104.538105717078,53.328421216325,15.0914543619075,122.276633564966,567.028141240569,40.8536036640768,197.308169050269,165.899919095941,56.2766272339903,48.1398894869657,31.9629163760715,188.970829188239,35.601359333312,652.054316061937,298.837616523257,70.5346282339729,112.748376393237,38.7937826952179,108.265269290009,25.4297368794551,373.094392336632,141.116998970133
32,9.32953206138821,2.83215889018905,0.478543886762538,0.940070284042778,3.39534799581253,1.04707037210794,0.313602122470582,0.104610803649359,0.234805196734629,0.199525006990019,0.0494033161006372,0.0997285019430077,0.19376027196993,2.91059338575378,3.10612098068107,3.52297094658206,1.71716162150865,0.423639014095242,8.63664425501693,2.73154447410398,1.25552789363404,0.676184302676436,0.766474710946852,1.82868251267006,0.352390597016964,2.53595104973809,780.184095858579,57.2049643200272,2.35659741232132,2009.05011970787,3336.75767750658,2599.78968376502,24.415717260603,23.2094524200939,616.972080107142,99.6661752866098,1033.44281272244,4.17485535266207,51.7212626232577,25.247043568841,32.2034683488144,12.3605261115359,1109.74527012784,23.2791130735697,199.999631089068,187.383641986559,152.169748629074,1416.77041791637,41.9450152863745,1.69447393694448,1.37483002351642,1.05290216038159,1051.10091282773,74.7953686062211,612.804736219715,10.8979246249491,24.8362804420814,4.94389597864864,7.98744199502659,7.23651899885551,4.65117608913084,34.2154950550133,171.376521931405,8.16034839130124,31.9322677381444,37.5742678318435,13.4271192259643,12.1526066027082,6.36754008851329,44.5478982722968,8.96675966523297,130.737074382611,60.056203041748,13.8744638149586,21.1393988079493,9.1044005165327,20.6124640822237,4.91669665642406,19.6259506724454,30.835741218069
33,1.19019042825545,0.41809100001043,0.0781419173271595,3.04749873812299,0.435084260005715,0.275694016644299,0.0387307992196599,0.0125201183432656,0.0281003075360095,0.023878147673119,0.0111173128602412,0.0152876420500433,0.0633038456204138,0.378332328021615,0.400835357927066,0.516548118106343,0.231380414672115,50.7488560979851,4.48013743576378,0.345296021252251,6.70356824100315,0.0573184174276943,7.57503421702133,0.216855608481013,0.0416537570886443,5.60170523780539,3500.63718800498,190.201867337425,15.0612912722265,6.06336461745885,2.45928195493134,130.266527561044,15475.9834004898,7692.85225319733,3843.21059555265,3075.38116819644,471.648973372679,41.6112330131943,588.515279230093,257.598620515819,4.5577023190215,1.76096895559896,1591.49466426272,12.8070408149944,20.4987249495709,24.0848850216341,5387.22434174578,10670.9884498894,5.3361005128806,0.21387310054335,0.186005084652144,0.126034232880066,17140.3238978154,10.3100017781858,87.9498715545867,1.70286685514449,34.7273545745723,0.699611983137542,1.19061603940638,1.47957620203151,0.726961336095688,33.7040249686103,171.176229614759,215.574907901439,5.55532878919382,9.9991470756188,3.64385989244106,3.21234352088038,1.65194316080243,63.3248496615263,2.3690948930095,4802.25809164777,2256.8638974552,480.288797532233,1092.22656777205,11.5005505044,13.3140384268939,1.49322212540897,5.38016992389587,1684.35034945939
34,1.40159324219472,0.423575750640931,0.0650233865792704,0.15011722860801,0.502740575827884,0.187009155501797,0.0565314049413892,0.0188589001926377,0.0423299278416179,0.0359697283788449,0.0445583605888769,0.0179768401993414,0.443399198976241,0.754021253127789,0.496338044581556,0.458363746439622,0.217157935298139,0.0763776637835876,1.14448864143055,0.422438581248568,0.110862709649229,0.108151945900078,0.426046503168974,0.653450841239054,0.298023595619804,0.639281120321333,128.461465723176,54.5962834343484,86.1027778101781,7.09868887858687,3.76084177050493,0.340669403325711,2.99557678084227,17141.1378003644,5310.7730410793,497.026765373821,249.746973186615,97.7525928657456,512.779906925887,4.06939165408715,4.42899537143824,1.91219213903822,2710.16456457284,213.515934925971,296.943701751948,219.457359979177,1.11849274013101,2039.95143524828,7.44893266392867,0.263294903095818,13.9418418192567,0.329033039366055,34.7644418723272,14.3973081911635,87.9635620359541,47.6308257934804,5394.19283186086,73.6230999377646,339.554647460878,631.75581837894,471.585894982055,45.8419021864742,4743.9807532014,1209.72756356649,5739.21884166971,21758.7554403701,5935.2764955589,364.993447936763,145.103767990618,786.175211921115,39.8257068850956,7781.41561633676,818.210224938955,18335.2018471204,1185.68597379069,150.557626648691,1572.76508261454,102.182388483835,632.359147412583,2414.37675394676
35,8.27115134287743,2.50100193088579,0.388680481723999,0.879459350990057,2.97210534287581,0.954098909396966,0.32680350464426,0.109021026054808,0.244704204326865,0.207936658803958,0.0514754708779123,0.103923083824965,0.201847064498668,3.03300793321777,2.70040719975169,2.75612551580449,1.31098143310826,0.441526818123218,6.86339547423362,2.48419536096306,0.660043804147699,0.499116547269886,0.721286125765224,1.80400962418423,0.362513303290459,2.48677858309804,749.955718065547,57.3450816446509,2.1544261758088,40.960796177291,21.7102301511324,2.02827441482326,17.3172052487758,4754.12938937629,23.764831903722,84.0533459153418,6345.21277506451,3.29790472023563,9.6359593744983,23.814807062026,26.4200928181577,11.1608964087626,18832.3683925442,5590.87917204264,29.3749809166344,109.56182525226,6.53180688505285,20.1361126992969,37.4875252011902,1.5474630200744,1.08790648983772,1.09737033187928,680.850061510306,77.9440061705946,458.867214855368,7.86675532368466,18.7315152781569,3.36264459746084,5.28044012971253,5.12099451806782,3.64058394220709,28.5214380172014,127.529388754514,2262.85490866318,28.845233513914,31.8357252586095,10.09448930894,11.1536715664241,6.10282144144809,41.2859966776841,8.07285545721447,156.664004839201,4462.33979140281,1902.15528958667,3877.81546771443,80.4988095055304,21.4059616968404,5.13097537034207,16.8396178857359,28.3660169392315
36,3896.89088999422,1911.32452909657,281.015724154272,969.896498133089,895.176880669774,246.226086768802,50.9742990895681,10.9780803417639,24.5417951722384,31.2799648295812,10.3526178577709,38.9958958436867,82.8611740785955,482.161683917186,501.550831986481,1192.56322173032,286.353498421083,248.362925921073,18787.5796868398,1881.26683313215,2175.64326790517,758.075802739641,691.523215860137,2260.11670541111,1283.90246530153,8965.31318912578,70598.0123733777,6544.76884976435,126.533368856572,6445.10587667977,681.939240194924,893.705133845301,2228.80454266046,7171.6985727644,2522.80917577744,226861.769266515,20241.6309087737,671.166547094212,3071.04164333406,51422.1120766968,86860.3261008099,8016.39988408478,20598.8632235823,594.426801538626,1483.13984920128,4179.17782508047,2226.09119601975,4738.17673132183,126286.651990234,237.801659618146,2080.27166989367,274.628894525602,58540.0602491397,14601.0120836506,35459.7200877942,3188.51242709967,133586.527351618,13549.7284453589,100336.899493265,30503.8401284885,3540.60775882891,1454.14624548474,7091.45813111927,235.74095872352,15931.3009231479,8774.6714909501,15564.1807553679,3177.57541937108,1300.99380127776,4536.58125466247,3697.00932170105,16272.2308389034,4992.12389363599,1005.68104927105,2470.15101621911,1480.7393663287,2904.00706932703,279.958532437116,357.53021250611,2273.24220276567
37,21100.8019078615,8708.85178705841,1834.53284596397,2313.78945582295,9415.51588720782,1413.85452784242,395.307587963374,143.411459610901,288.240962713426,313.980123719871,68.5255518160081,174.891004710558,344.742548125423,4039.64381821507,592.039567708948,555.005624731333,190.441462022697,337.494781028867,826.300867323373,3370.88823912281,51.1188657333085,14.4797839266204,266.536616269327,2951.45393178312,7.91669316979304,5218.87675634104,12551.218185104,793.880674664868,3074.54986434305,4949.38678242426,433.660716780382,155.367600406994,377.023104682184,674.320946065444,2604.12609957754,7400.95761050761,435943.386185913,17576.8658791895,56881.4800601203,724.252616257156,1222.06356610424,405.497106938715,111107.293380117,2723.21159043427,4825.33483067825,6357.84079595899,44.2140741137545,2955.25709377443,222.967305499469,247.743376023883,2120.00357898792,434.594904551256,86506.9718041348,2383.69052297075,9483.90406391797,44.9804580306354,867.812703741971,158.216419182348,10487.3581736812,1127.59370716446,16.9764403465401,4055.90092816899,31789.1044868654,34.4973377024745,193.925758312775,425.954375438026,132.783433820311,83.3030180411713,256.984432962231,519.114241465513,2457.94989162076,6678.50402421996,1874.16765416843,781.663866203345,2977.0856235747,2452.08873166408,6121.39936957461,1373.82611346906,3057.97897937943,19371.2828279663
38,0.013173229487126,0.00400910412080542,0.000712183885587726,0.00128016261212846,0.00483323782120053,0.00145198471954665,0.000392781057239514,0.00013101646618159,0.000294074283382417,0.000249888734420878,6.18853594240706e-05,0.000124911844047769,0.000242762771905787,0.00364558430684657,177.983933498036,0.00535096634375206,0.0026413932322026,0.000530544598925277,0.0130086032176516,0.00379279568012634,1.68637624085573,0.526690354763726,5.5648672714115,2.74154234935384,0.22799428395365,6.38347095652359,1.04184755769135,0.0739763361662249,0.0032626332871134,0.0477707980190658,0.0255011806848101,0.00356641953580587,0.020813655784424,0.0279902339314047,0.0147152890593162,0.145154547053626,20.0358596462035,5018.35638893288,4.49655795313741,0.0341801939074098,0.0474007544712462,0.0154584182283719,0.153615169096957,0.0271110550040491,0.0224009285486002,0.126446138856106,0.00911328160592403,0.0304577866605375,0.058917708554005,0.00234621310177609,0.00207681746742564,0.00131860036056144,225.012382801179,0.093679860724532,0.951849682743683,0.0172311843589299,0.0393994886526141,0.00803147110235334,0.0131810063435415,0.0115825363232138,0.00709031473324752,0.0504435502488208,0.267375630936645,0.0114932125700349,0.0478114385762553,0.0576155071442523,0.0212758543228746,0.0185659814309332,0.00904060196502605,0.0611094537313442,0.0125352931058268,0.177244230522291,76.0482306337954,16.5405524951394,35.6689012389998,5852.62394243528,987.028925931634,0.00615813577972139,0.0283373282900499,11.0549015775574
39,0.0329330737178151,0.0100227603020136,0.00178045971396932,0.00320040653032116,0.0120830945530013,1.08460951064001,0.000981952643098784,0.000327541165453975,0.000735185708456043,0.000624721836052196,0.0148074513509702,0.000312279610119422,0.168478559466379,0.00911396076711643,0.0111013152830521,0.0133774158593801,0.00660348308050649,0.00132636149731319,0.032521508044129,0.00948198920031584,14.4723142879335,3.30058639367878,34.7811155385053,25.1262846868261,6.90154445954178,55.7451616188261,2.60461889422837,0.184940840415562,0.0081565832177835,0.131975319990099,0.0637529517120253,1544.54121744129,0.0520341394610599,0.0699755848285116,0.0431307966035542,0.362886367634064,2.37062929685961,0.0157779951435663,3720.57982661408,0.0854504847685245,0.118501886178116,0.0386460455709297,28150.0630347462,568.321748509622,1454.46550135751,98.0097485829116,273.858697878776,1534.94533037279,324.535214499657,0.00586553275444021,879.817430749363,156.366321782566,46447.3372204177,0.241891171512834,2.47535919189685,0.0430779608973247,0.0984987216315353,0.0200786777558834,0.0329525158588538,0.0289563408080344,0.0177257868331188,0.126108875622052,0.668439077341612,0.0287330314250874,0.119528596440638,0.144038767860631,6.79015938249777,0.046414953577333,0.0226015049125651,0.152773634328361,0.031338232764567,11.8403698557765,44.1615091636959,7.26289317092069,12.4422864692027,3.25213620231088,0.0649696350392211,0.0153953394493035,0.0708433207251248,6.24073238705282
40,191.462845067359,102.788417496183,21.2819876366719,26.9027047413809,108.771539439855,15.4751091053019,4.50619689915057,1.55272282368694,3.34122394305605,3.13304142243205,1.06816003781996,1.64303651647527,6.97873428267783,45.1663132916374,5.82759558102912,3.8796287766575,1.06036715044842,1.57713887128996,45.5658308917259,14.7838502153802,68.5644072426959,3.86136475812908,12.3681284398136,9.24209865437817,24.7781198243382,94.7146167677977,110.240978462569,848.509190911346,62.9876389069288,186.805279359868,68.6839379156263,96.3866867008868,102.809956975304,52.9826689270735,64.023415641031,4396.93683473897,9778.57286190542,1015.34252310793,1867.8259824188,141.91842383355,484.943618312397,370.408980268452,28417.7084886039,13051.1439269829,8983.43024163915,15835.8759286582,155.356569842801,7580.94664098126,8188.14062387742,4.86837427272013,386.379033909134,62.1532612155413,282943.517409487,34.7210056234988,149.565024650654,33.3637651079048,3661.07870052394,493.858939742708,4332.55496898808,1571.91385606613,29.8993138569686,663.486269965765,1905.16826663224,153.13712558169,3731.30616457857,16.1364932145741,5.08388920812348,5.91163010189563,3.47816805468265,890.723031420106,2942.2589380067,1305.37189377807,1446.62336766843,32.7260606258557,96.1592401833901,24.2262031577264,296.985355940296,62.308022546859,2128.97310829032,898.394314408082
41,298.748447776426,95.4131767626454,20.113243475305,25.4917615474277,112.14448212535,27.4422161822312,4.2112207555629,1.41951008692376,3.14453239193941,2.76108442460797,0.953976065215752,1.40767653534752,5.7724967737678,41.1246298075016,84.5316305852664,114.773070787687,58.3723284834141,4.62100996369293,310.562908034396,44.8860446887155,117.914396502981,51.1053291511653,256.49198229867,125.595975181316,44.4932910576676,475.516246343501,4323.66117270866,978.808141949989,57.0759763141623,322.849726778625,174.594822010325,195.114785801266,398.363856206248,506.893151878075,278.775177422999,840.772424152876,2862.10996839777,159.69159601514,1609.58719226085,310.286898280149,1285.48389089535,15424.7812022294,51197.9844838457,12517.3329186337,12670.5953079838,14229.5462275845,372.956895716387,8651.6962184708,1434.24358939994,33.412298477627,2223.07140647314,366.489775044707,568718.458225628,718.027913185586,2254.16372811346,1167.25622782508,3602.81828571739,465.454656083243,3801.04419972291,1497.40129506505,80.7539478619684,683.545029656875,1508.65861374265,204.54541700807,3966.41236884237,1203.87750432212,554.902655202487,412.254185249907,156.941282887545,1390.97069167251,828.694889453228,3270.41354663788,1347.37175272061,209.711689166348,258.513647816841,108.996209699158,441.383367217851,93.5104773784295,395.283781237486,885.286043887304
42,7.4022672837411,2.40357457325653,0.509987168604269,0.681978774688422,2.81792636862402,6.20686292357054,0.109779897825929,0.036513826521906,0.0820070420384655,0.0698215146714403,0.71154159675563,0.035422888549781,7.49689864345624,4.72344145355974,5.10422374973919,2.88803452639528,1.45414071490002,0.323445017657025,56.9091502018825,1.0859036459656,4.52722299558952,1.51628138318242,22.739029593878,8.7731037796571,21.3926847888721,101.715440545393,140.95794012725,359.62553683945,80.1636756558483,76.8720856276942,4.49725751806629,25.9045791532334,195.611751525428,105.069593544458,52.6983261598926,3173.18375334662,3287.703433198,192.930155275307,1270.65177509851,12.2135309658834,33.3885969103843,1148.81174241081,32038.2771611279,18771.0484027833,11007.4954482168,3109.87627295865,189.641760297621,1711.99117279052,147.029644135656,103.706442188255,509.659446812634,79.5565620758285,30820.6477271781,99.3003113599042,388.150775986884,36.3417985427971,4812.85802251851,665.607338842023,6696.46181286518,2438.79293974628,46.1248748253824,999.258112790971,1833.76313288932,205.245565131815,5725.40298914721,31.6452236614632,15.6224041371074,12.6197209786886,4.9751661086737,1420.75656724153,1309.25672061735,2002.97286875823,293.016780266265,18.6104584675339,16.4316887189555,34.0332561054379,442.650268336471,93.3884232083191,471.297210344727,1323.5845411707
43,19.9981530945181,9.19738611230636,1.90851936976609,2.54908463459234,10.149295921956,2.01198764972789,0.489912917917584,0.165739189065012,0.365286488100904,0.324063287736905,0.206056089319937,0.165543137613395,1.75954908279403,5.25345416405635,19.6481845670513,3.46108241829322,1.71848711649026,0.309273229347047,113.187821502385,2.78447176236975,18.4842143663515,0.406978284028362,81.2680084372571,30.8042000755618,4.82852444033023,105.220639450874,535.386295997168,317.826823309078,58.321740527225,62.1521450678266,11.3734889424811,5.03458443785571,9.49420035909789,13.7428170294485,9.03865103062543,404.45526208378,29535.802431593,146.929065818523,1074.4749652838,17.9804089606443,28.3497176992138,35.8984571120292,210763.520131057,30731.0403851303,3649.54491152999,38392.3949187943,4.86942950879352,410.721056377233,8460.28251426709,309.839367118626,2613.95822317557,550.861042107156,47128.3387081369,2775.69869304579,11640.6810548514,1056.95171134031,12780.8697671778,1644.99324101169,17969.0552891172,6854.16303626615,470.900781515653,3732.61631189187,10709.9203666449,8556.95428405029,51439.324241047,2363.62353146978,2146.12533874614,2212.10631679364,860.463892063542,11433.3763607969,859.154227377057,28487.0893136461,128.312152347465,344.80431525203,294.376397207244,305.406566910732,2767.15335260724,584.093699838616,3226.98472310962,6095.68983323337
44,187.9322727872,50.8652786525566,10.8752590878602,13.7804966319371,62.5479359690371,16.6605611305372,2.27190173134301,0.757694164055993,1.70210923284465,1.44649721468607,0.364553363183156,0.726193071021559,1.49259578848102,21.136855294662,57.0407466972693,85.4395252700207,43.7198179958824,3.05567025376819,205.524583325682,30.9922370204918,60.4232870114522,34.1071188800507,95.2121688285194,39.6748263115827,3.33127270997633,113.42984756463,3213.4391861321,215.552001638593,13.7121867286499,282.114447964932,212.113665189503,181.712666230243,161.424069224405,236.294223543303,147.368640161213,445.933200407773,834.61323194438,77.4497115694348,386.57772301479,233.859695897592,986.724060704897,169.265766878407,26698.1187238081,19922.9074529014,940.236193395083,11453.3830913852,123.703719660569,663.258045602652,5272.11974080397,150.706617175061,865.354028600723,337.090215895866,12969.418092709,577.315814312823,1839.32303356885,171.697131882464,7792.71453394833,1070.97983916797,11137.7370373741,4148.09149921994,124.643670099688,1748.72230767893,3476.08828633759,626.934860455854,14849.4849800251,2256.35322903382,1728.31727655769,1693.00500309087,655.088873419552,2945.75142725523,593.138439389084,5695.71106303956,261.105734477113,110.646766142017,162.19922622158,68.7315638315024,336.407811014135,72.70488100325,405.575917890137,500.657903455524
45,134.56798829369,41.5250000883519,8.86241303471413,11.2311280164621,49.3464229900332,11.6896672726603,1.8619792464348,0.62675389375359,1.39091550538292,1.21616504834204,0.299035169323274,0.618857164637178,1.23694286150751,17.4870971325422,34.8566758522411,52.1497868967132,26.5721446912088,1.99961247555586,124.316746314587,20.4762157095463,319.115280001631,20.6265623554986,1666.65024116618,540.728904374773,1.67992886487953,1942.08355598603,1960.26716197427,128.351299229992,9.12529999370481,137.202887858366,78.1857260798321,32.0455469901953,88.0877386172117,146.011956741926,80.2298532657189,330.964792407377,531.231540775854,84.5346977954047,1200.20199620184,143.373294037637,602.356183284761,92.6705735307608,11648.4592706367,750.783552442736,2208.38575276176,810.035309132591,101.052612599268,702.89839776056,502.029089931094,487.992025024153,202.646780063965,27.3245911087974,1698.63529475228,626.498403347813,2236.08614754003,152.402041628261,570.403498981632,361.01646560335,568.917465736739,273.445411985551,32.8473496460823,145.739139317465,460.492748248914,154.890847734335,1268.5919147537,541.310081443564,279.064170630157,230.812199510197,88.5997834036649,474.971827250466,157.600500430063,1544.80966417785,143.038364715862,74.7041077540651,98.7705225555503,38.6622852536636,166.573608991031,35.9919279537357,386.828965153456,225.04756468363
46,260.921554236448,71.8624504371487,15.3608236828759,19.4639546328116,87.9556929493065,22.9956074320069,3.21145175368125,1.07217268004282,2.40514098707032,2.0508006140481,0.513595429132154,1.03133340336769,2.09325132127654,29.9009514808764,77.7983262799959,116.585566439738,59.6091803131809,4.15024736569612,277.524737875037,42.5964753875474,67.3793869345494,46.4481827291489,46.0382134404737,26.6517324636013,3.73294105415918,54.6689527591185,4380.13117680875,289.033625731103,18.4111044111827,298.562917434957,175.165415629582,69.076023500527,182.021284609433,300.161351612247,169.254940338628,600.38669247122,811.642802615003,102.079623262308,136.433500425645,318.268939702757,1344.86341143489,224.082880569639,9797.39458256222,507.585319582237,477.232146947609,5985.57513244083,149.48756236084,799.515311568827,773.670847593343,18.398437984132,257.246819122501,15.3632929383804,3670.68731188422,1631.93964558645,5920.83326375487,1098.98409328787,794.167905320329,500.919942287584,574.375443020881,332.001152276416,62.0308720190975,205.612637018623,665.288410735177,183.6465408279,1490.08495880641,1074.49632125874,523.510074997884,418.512253418619,159.014911902393,1750.77509885505,325.320024403121,3904.25020422926,314.077167262425,139.722580361016,209.52954472919,72.5734677602596,282.640387787871,61.9908244029603,352.673212377966,335.66658122323
47,1.79978937886551,1.17713023660666,0.235460417938053,1.0654327238176,1.22077411854266,0.124937145348931,0.0690513745778899,0.0165472901019336,0.0371281125836932,0.0315519248966804,0.0167897534507154,0.062772823215555,0.132594945231586,0.570362010682816,0.0455125610406302,37.1635547454348,1.23169246882941,0.212878810649991,2.03716998926139,0.0251021805336644,0.950459859000145,0.0147578769460303,1.12525493533193,0.415412393528222,0.0601002984921843,1.56267019046487,28.1998362735454,3.0346367324766,0.399490921751857,937.079453867211,28.4905792262613,54.2368284574994,3245.00769995503,91.1014991632682,51.2204388237162,25.7109099185855,111.308440577924,8.6743180373167,14.4019246284249,37.4547785580328,0.106843149730712,288.362090912307,2684.27092391655,517.750704830943,113.326854617347,26.521651082463,12940.946856957,193.686914040995,3.20474963321344,0.440761762932844,11.9840829363883,1.77729367113556,7735.27242026808,1040.55747987986,4202.67924004079,162.512526754235,11.5768007720695,1.25075948025516,13.4199573443938,304.018839510474,1.21013779851961,191.790887817178,966.650610592101,27.5107318593186,125.385364782402,4.76318250929401,480.073789330151,1623.77591567401,865.205419155343,643.530869321821,1.26450088197037,791.723171983563,53.1843104950355,7.10530647828134,12.6346096256128,3.35034251677897,19.4542669100366,3.72098605218641,38.5845917568408,39.2754316926111
48,98.4058340528679,32.3875649730168,6.62669523759861,8.52206412329175,37.5748613448892,8.6281428195661,1.38459774098097,0.464941988156221,1.03417707764034,0.899666252155844,0.258525494204371,0.458264507331923,1.30469104280448,13.2032200199285,31.1193562234349,40.5941118704018,20.2215222378142,2.48455065029822,113.051131221577,14.8099321687951,990.710919060671,15.1967068957486,16.1751344615517,9.50981158488987,2.86808738177392,30.3688512627144,1616.43643762684,207.909393388928,213.697822282215,171.670766800392,76.9023440435516,41.2521182507714,1011.62200892083,591.778567088928,308.12675720534,3365.1100379769,9685.01633974012,2569.89278171313,1245.57980017392,123.694208224705,433.70401419842,411.802397025997,63079.8067614436,2269.52344740216,16628.5469709715,9672.05879658977,1095.85168619219,9380.664047191,623.471400172003,45.3147085655128,271.711534395687,82.8431566308226,12762.6469465602,349.192018057143,1188.4722661089,287.818669682324,5142.42525882096,734.172293324574,7314.33557182611,2706.39278728845,70.9478496131481,243.839492813879,982.262894530688,337.541520464995,6907.85048611064,455.678165580478,242.744266440961,210.317445039636,83.3162586405134,1354.37443374587,192.766151525395,3249.12496956848,375.741206557951,89.24594209376,130.102846686661,61.4612938850931,477.320882960671,100.035797698703,1604.40799001732,1245.46260068995
49,4889.46156249151,1307.27671135481,279.528511372431,354.003362898344,1612.31476207224,432.57938439616,58.3488332991915,19.4598883319894,43.7165356929502,37.1515493739169,9.14333684225546,18.6497884575994,35.9923485778209,541.699205267932,1495.56060678251,2241.06973238368,1148.07321534759,79.1378083740907,5312.86142271267,813.311682876068,1173.42165294422,895.291318988363,652.164623069661,433.85417144588,64.7447338702926,742.329248696062,84168.8336503108,5090.78863134431,308.335737565224,5608.89307314414,3370.52889981934,1330.29057820827,3093.97441795357,5744.13691906944,3237.60178784371,11095.0537683622,11473.2175478235,924.02520585936,1828.56302498919,6120.48409409628,25919.5271302682,3486.94444777274,19359.9736311511,2759.05707113016,2108.50184330794,9888.99621273705,1370.63614989767,5550.43973675313,14434.554113247,221.556465986701,4344.10055697385,195.650908701334,36642.0139828024,13927.2539328492,43240.5380360883,3805.83355409973,11983.740366911,1246.34786920801,6851.08713775843,4768.55576506722,1090.59065465085,3187.42667106062,9790.87110860022,1744.75996101736,19141.3662179192,20683.8128639603,10028.3551861797,7911.36510431639,2984.60593822526,13104.7807600054,5852.00341267547,42830.8983951216,5818.39336570372,2568.28828810614,3928.00524738345,1283.66639407773,4126.39533681636,915.888527507926,2807.12537085642,3806.43168079887
50,3.41101074320216,0.911991202446241,0.195005265622457,0.246964026157776,1.12479290393135,0.301780076796754,0.0407076228423847,0.0135763778954701,0.0304992589658621,0.0259191333422315,0.00637893882148744,0.0130111991136736,0.0251104088306097,0.377921634114617,1.04334162999465,1.56341655670756,0.800918700155916,0.055211236097458,3.70636485894153,0.567395638816177,0.818597645423222,0.624569893240068,0.454963652889458,0.302676948560129,0.0451697831624121,0.517878238205749,58.7233510278127,3.55187621496956,0.215115929497029,3.91318215935011,2.35150701885306,0.928041689808247,2.15854080857973,4.00735655503194,2.25868050601253,7.74068642810638,8.004445233483,0.644635115192383,1.27565097363806,4.2699157153349,18.0819639046501,2.43262520615408,13.5064781306432,1.92485189569422,1.4710341157663,6.89962388882699,0.956225587218593,3.87221228109168,14821.0071375826,1145.55905082934,3.03050303634809,0.136497745598532,25.5628167599168,9.71648168401269,30.1683808699207,2.65504838304968,8.36011955109064,0.869489014552405,4.77943146839779,3.32663452202905,0.760835188507248,2.22380107577741,6.83112845661004,1.2172225236419,13.3534314357633,14.4294779510349,6.99596386917377,5.51912886827083,2.08213992998674,9.14238169528047,4.08249005596368,29.8803385532952,4.05949030558676,1.79179084981136,2.74041036966799,0.895562098230839,2.87880325349698,0.638978357380649,1.95841379628357,2.65563120971587
51,567.597199338166,151.411861855948,32.4217904348573,41.1281512140233,187.548619648393,50.0438218971307,6.7022055262304,2.20452105171775,5.10680830708488,4.42609959121287,0.964062829220289,2.20016136051778,3.85140978034616,62.7033515002194,437.326528203628,260.194962802273,133.594110443507,8.59605610006106,615.690045701878,248.841586159325,48.467027182484,10.7172167310375,75.562856222858,50.4119867880798,7.46951324046338,86.1019006694322,10337.4205125433,13189.8056473394,35.9517423598775,647.307836013405,390.678862437018,155.336634899678,358.923035718507,665.357981383104,377.885417156833,1287.04665753783,1331.53364402337,106.781812943089,212.163342154895,707.751435815668,1174.39606593918,402.962607924367,2241.98069421485,319.008225976327,243.667266128183,1150.75986601502,160.777629720049,640.878192554493,1674.80365864373,26.4105279477316,214.508455582273,1030.85817217426,4196.79533912254,1616.96657880444,4963.29304106495,441.273442906183,1391.4898837928,144.667115154508,795.027990284399,553.932840926267,127.00247060042,370.165317054856,1136.55718171711,202.048539805687,2220.85792379688,1866.32496028699,1164.17780386116,918.050396575645,346.551110041427,2003.27893545641,679.539864022173,3500.68391457333,1629.38955203406,297.949802943349,455.225196364004,148.786871934773,478.764586565683,107.335779402179,325.713202734028,441.96301822915
52,24.7185120443402,6.39888011207209,1.35519897573894,1.84424007493923,8.25464006937614,2.3062237577598,0.250626354947192,0.0448865879108004,0.214960756851717,0.265278638751027,0.0210876183859501,0.0430211552138252,0.0830125331034772,2.60717496838928,13.4128350190802,11.2989740499516,5.89057896997523,0.182527575759782,26.69550436122,7.88141717688082,3.48900869405277,2.3001041623047,3.14938015662836,1.82309020829214,0.29341420391335,3.7659888257656,429.735938734558,27.3236997526419,1.32487640627936,26.973335597948,16.198244091334,7.24092192728073,14.8752887685943,28.5906499511487,17.2726314695151,55.3806588653206,57.1451238206741,4.43632192764673,9.5643164478158,28.765647282981,87.1782059109642,17.2737709592444,96.6418586118918,13.5849282262379,10.1718441399496,50.0559361599111,6.96951957634685,26.5574339978724,71.6735614795128,1.34314614980634,15.3703173693788,1.33607379900614,205.212818897371,69.9766886766462,238.305692235918,18.5655966112031,60.5729869774285,6.51659873051532,34.3787612330283,23.8609923943233,5.88838150803339,16.1270539670419,48.8321460992388,8.54722182882113,95.3328035162368,114.04198355932,50.2205336705405,39.3381014486082,15.0606383512282,77.2219718178774,29.327147054753,181.161610592857,51.4573594218087,12.7953216698326,19.3784445244541,6.35757583674654,20.7243203664715,5.00867989300782,14.1882957362978,16.8619259366217
53,48.3673568614574,14.6894299264759,3.22192988087903,4.30691876711848,16.6663393754863,4.56630087070588,1.01008471595974,0.366613254341597,0.690193727778419,0.778400614234376,0.164048484443927,0.55582151605974,0.677492456930946,9.36671821720178,17.0780515027572,20.3847055979118,10.3770571498249,1.41833083564362,51.4227447321393,18.6187443741497,6.94287553397425,3.22919495330123,8.4175539147864,8.26031510858656,131.944890512908,15.0205579593936,2540.89882725858,167.12009850883,8.91082583164032,100.622112179358,55.9806791968668,12.5693433856376,47.1305256031653,70.8281760280765,38.3398326090233,424.423588066272,230.229039112425,19.9655741372113,18.610225040673,92.3168320759957,177.165295962927,42.4617941063332,439.791561353599,85.3888870677278,60.2615261831738,253.117108457993,23.8887800856866,86.492202443887,237.649827735079,8.85326253742597,26.3821659293036,3.73831504796013,1232.24543541644,735.063368433653,4691.81779847532,429.18706050173,679.062364788979,903.032779335868,61.1781310660987,373.871465326181,23.6284943576544,147.551430684326,987.127121146321,3182.46089066464,1081.07476439774,2428.53969775563,206.964488960685,74.8453483375793,72.4584892994416,275.232888152978,41.7654509820506,14455.7549298329,206.924634339812,51.2842587475034,79.6925301520681,25.0505749444712,869.442745188438,17.5958715261952,180.438943099295,158.193811653455
54,2324.94090230559,691.186133562523,96.5986465815784,264.655321782677,810.50397488525,277.113855730302,112.844074161212,37.418775842231,84.0263925344561,71.8604167277212,17.4831837631105,35.8260851476315,69.7438693564988,1046.47951863082,797.965995417362,604.859006013741,274.859520019506,152.993712477608,1652.34213292215,751.933869861444,176.898570378446,258.422864781195,246.386513112778,597.367320706209,125.092677155646,804.528482738889,227014.082838405,18383.5359371911,609.948047024601,14176.7250590442,7538.4781958022,519.044944654861,5983.18195260851,6929.21554676389,3502.08626858145,20391.0348457957,22398.5268135531,686.970851466863,1052.31713626969,7118.48865684244,6186.28146985101,3677.01556436197,24187.8258603702,2769.1139470879,4138.83499195377,37838.3183320981,2006.93067465249,5674.60525768202,9938.30487151777,431.808299578468,261.26640589765,373.247373697166,18132.2387164253,27802.1229173851,80668.7483682872,1420.29004137461,2743.40903019361,385.763162554186,1019.44423840414,770.090096314451,746.832368624961,6372.19695569864,20919.7339815931,1963.22792642546,6067.50447774105,6413.67665240673,1699.39867232682,2064.41016109283,1557.80953371587,12202.9502881303,2160.51933113307,36615.199136763,20123.8237379523,4891.26397419522,7535.95865250374,2450.13002177841,7125.25750339372,1740.36915229028,4087.37233299002,7445.63174056155
55,5072.39423132367,1549.38252834071,329.398320306699,438.765526694271,1894.5308590192,527.995403192818,98.4112462274616,32.7064710966166,72.1060871778632,62.6397583940516,15.3767569997507,31.2757424269364,60.9389376527536,911.938628693741,1812.16643728093,2464.31129500366,1259.76616475541,133.140137810339,5990.4876486289,1415.72777420866,511.34937934395,188.02539444458,287.579405610111,634.254685712185,109.138983847245,1046.25973522997,324511.57125219,20158.7926069915,1187.19794551656,10418.5354499252,5852.04848053726,1568.0939231944,5065.8535010398,7914.60672602244,4333.87890325347,60686.9339842554,27630.9421494946,2847.45025360393,2496.70154411508,11328.4522874038,20239.064549308,5144.97680290799,59822.5277027059,12536.1656583616,8051.23747482962,26516.6485819515,2932.67970322319,10985.0793158828,21744.6608981201,850.686003174529,1088.69304901844,328.544681364579,153833.797191889,23525.9913835248,460481.511729722,9162.70150901619,20329.3385220858,4250.83706253034,7622.45142845996,6243.01110896187,3395.07130168019,21438.2690885576,128909.420529622,4487.49867263486,23563.6417494149,30633.4212249086,11596.9754292861,9553.43397972044,3880.26289723685,23047.5879407777,4537.67184354103,61736.6820257527,20811.469314823,4292.88871378387,6490.43151796074,2158.63213399147,6482.79382186703,1528.39382910326,11363.8729099936,16277.8506606109
56,485.383182356267,122.013833277161,40.8278142406259,41.1956598769379,156.9117908861,49.0977307421553,14.2084424757237,4.45332810124524,7.94093051582405,9.03590629170684,2.21320969069389,4.69192174951744,8.4244458764304,125.464771755068,316.365513696061,188.354264877045,107.997588321856,19.0560176284649,542.464787038257,202.159356045908,76.3895366938239,84.5868912300402,59.8896114970584,68.7148188403867,15.7304744873386,141.174461596164,11562.8416353109,886.598153243131,78.9424020021515,874.376671114345,683.907154678549,186.623808637308,545.039019567393,642.366521989687,337.699874903166,2911.27533331399,1409.49299841758,104.461838275907,480.800481689251,744.702683744713,992.622683595529,580.508729453943,2326.96181755047,477.970935769608,410.123292599903,1661.25473449407,231.66010300581,698.098761910887,1180.64259692091,51.0452004677153,271.990270564904,46.4770889433406,4149.68799101257,2296.15145470083,13830.2143562959,10167.6335855947,1570.10564489841,184.367039949321,574.210735172849,705.130001265317,242.146435043123,605.937311174283,2093.80944853344,387.844437900819,3998.77262933448,6813.39509440719,2702.60424294565,1597.18370009704,842.578705189874,3646.2368768587,316.658824896894,6643.71198094277,2658.18986459978,568.162135765901,811.264823190767,330.829021563375,651.23744478043,198.119269254088,356.38030429423,897.133215162367
57,2251.18477639931,1437.20877937908,149.665919902737,149.184953860579,696.059792642606,182.129531698429,27.0588989832989,9.0111416895045,18.7394517258031,17.3454577298255,3.73281319994919,10.5284609659989,21.1951121479425,251.900935800563,923.324431993388,929.470414847237,481.925970797756,75.5311690453075,2810.92362759478,1025.37593429227,187.38452047264,85.4865445018103,271.505331509665,472.50538847889,30.0467513582194,359.372570200054,40325.7704362766,2330.147883195,137.11943148778,3004.28189515823,1653.74048994066,547.205847952049,2701.76041077525,2353.93479656529,1317.24056003678,4911.00454630633,4707.24212405232,374.717083223825,968.747784555935,2510.06736663432,8524.12027020794,2963.14520469495,8612.52605152464,3463.04926596051,2097.65102220733,6002.44254860465,1064.43211579458,3809.7304971294,1344.17172153235,10.24650743757,709.559577477692,248.308531430518,6234.62615668158,26459.9857356923,29817.3933404689,1562.33887312061,68771.8050184584,3067.88464216882,30438.974412536,33838.1388704056,2679.92467586435,614.421554089826,2851.77322430678,1689.1161674693,23570.9283093442,1102.64339204107,264.84899522356,390.804846232538,146.691863231764,9098.41499047046,32.8663893612477,22379.3603702337,2088.44978614641,639.722129974657,1300.79618557963,172.127238970279,251.812760259971,52.8870324654942,369.235206364281,314.018410086528
58,5.16372702809471,2.97186261659043,0.220807105679659,0.572978845759782,1.93385899650219,0.605099803622409,0.23903923762789,0.0798710880704831,0.176968505862086,0.152078374207813,0.0380656779854277,0.0800503044990667,0.154374696897963,2.21566209383215,2.23659334240819,1.48892475981209,0.702306033453999,0.319290717284547,1090.43587053699,40.2201298655764,0.864914863726688,0.364205334514736,0.600451302165565,2.22560119267094,0.262845558067547,4.22682913730159,621.591151744502,38.4467991798214,1.2497607995541,32.0653595341645,16.5011662751706,1.14396186618315,901.034584153696,14.8563506891941,7.53745880084433,40.8651150771861,47.2419412914882,1.41690498878776,2442.04967408652,15.1212948114655,60.9989795044303,2571.4431319478,52.6230830996387,13.1236591994886,12.5003394827002,85.63035306747,5.80032328953547,14.0455418129762,22.9238105707509,0.897785011927381,0.950766829741478,0.809442099731843,49.9531510266654,20135.4022308991,18191.5613525839,1318.71448914503,39.1836100175572,0.88563490247662,32.7775589020735,20.9017780982777,320.522926247918,13.6219687484262,43.8596910324267,4.13046578458461,103.685718533711,23.0325994682157,8.89981253515759,4.76139327578645,4.20326042551864,29.7372327005691,5.36724456624213,78.7330553422566,2301.6636761466,10.4096141204106,15.9298582378864,5.46523327772108,15.5165504692369,3.72281925931254,8.56797800126305,15.4099386837162
59,1.01289537823366,0.319580309187734,0.0592704236429978,0.0738978465990116,0.343424317411226,0.0939691497542949,0.0128830269281394,0.00381228900638657,0.00886789419680529,0.00799520447878051,0.00295003499239903,0.00520391552529322,0.00640069828834338,0.112128877746894,0.781986030668353,0.474588257785396,0.24287327313887,0.0147835964093515,1.12630115948438,0.445379983533414,4.13569448451399,0.022076983007478,0.131975726900902,0.120696659370128,0.0143139189378653,0.371092150952019,40.528725998942,138.482935754119,0.0756791085901146,488.766060985332,188.167402396978,0.285880055346113,0.786001648217382,1.19732383058727,0.678394164118079,2.8490624269359,2.53936584928428,0.215487570647498,0.387985009941325,1.31831955541217,2.67874405401782,0.843511048956759,4.54541914118576,0.928175840887818,0.631967990240304,2.34958197088234,0.356099609153725,1.28876828383779,3.11098548021883,0.051713971051666,0.380669952561847,0.0378176293734794,10.8812015105075,8508.0459849578,10897.4480865695,642.097751443811,3.6206700498682,0.295074396691174,28222.9903988519,1.18092594836118,0.420356689277267,0.889879171667405,3.49346170177941,0.39367207184783,4.06135163922748,0.925160693075348,2.12546477670188,1119.19718110596,190.852955649234,3.756268616026,1.2155665122982,238.380457501916,12172.3588237174,0.545158419269331,0.829546872232475,0.290791903701237,0.926352259798737,0.237048015536574,0.682578371815869,0.961682684091961
60,241.5214337249,2089.03814190989,28.0578339761779,17.8479652954036,285.187724275419,26.090012208001,7.13155925475966,2.36675337349912,2.28367683806833,4.67228230114733,1.22624985369094,7.49249991539192,14.9838943276574,62.4622956554459,515.945946650604,225.571958190657,142.06903789796,5.34121189523085,478.806896675679,243.092945812442,68.4575662643281,145.090837738443,65.3547307690636,1358.2787827051,4.4876986925201,228.735041610836,4371.72030338469,280.857397775704,16.7842401163867,3222.37806656386,1059.35776851174,61.8392174253024,6323.0371371993,283.685532944949,159.516088670488,596.991217076915,569.245635269482,46.8107363484737,128.684338781822,302.654291287675,21039.7539559705,5900.92239807151,4220.90516218807,10760.2326672965,5630.26440999115,8858.58582338801,2290.02714000976,3078.97947410484,61.8206108749013,1.81181773842507,313.875367551126,1.85572713747996,12280.1123360105,332.519745571316,668.55227328654,83.6257774586157,45265.7301517677,10.9222511154492,43230.632173888,7481.54589815705,7296.78965693964,949.49374057996,4622.43874007632,19.1230196361645,585.19773401598,231.734554075366,65.3047123109172,69.4240551518415,29.9456356754548,4462.29599207099,20.3109728481987,792.430748743593,2389.05072033501,34.52543126286,185.256152181022,171.614800129953,331.212258641146,45.4297847043515,15.1985153347389,32.7358169512784
61,96.4478560655931,40.4188512118972,5.55993234190355,7.01861298448468,33.1171647826955,8.21487747249894,1.21637864692472,0.39753183041324,0.909278127178432,0.83562105533808,0.317603542225568,0.312340781412359,0.710682563987029,10.9715669412188,77.1725264747811,45.0145142781727,23.2885305120059,1.50412978814249,106.594474746021,43.5421083653796,8.38344142932365,1.79592183518306,13.3531241304703,18.153876618846,1.3181381595222,16.2535801712647,1760.66096944381,109.976844599677,6.30719652120788,131.858097472483,72.9081098672262,24.7048472048597,103.314660203709,111.817221272565,64.1710960527477,219.058679177766,226.158216027952,18.366341349638,36.1304340448507,120.065098862195,348.901696810612,110.589131177837,406.867327524512,131.652472340615,82.3627441821573,256.825342995585,42.3481030504583,129.130403416087,0.208467281196388,0.00234599573571409,3.22208829644478,0.00171048675063866,103.952731563275,0.133731465718543,0.697980844077617,1.99829564050077,405.592050184505,560.388949929549,832.411930611966,568.56643221447,725.865161000713,43.3662738534958,34.2224350484918,2036.14668419771,5233.65567561782,623.14463511557,75.2184153996764,1116.77924851847,171.603180806111,709.284185362108,0.0550448060678742,1901.57323358965,3710.08204674061,834.113689993388,1429.83315943011,1.12068652223763,13.102651544887,3.48315737981735,131.07834093329,0.0436871875714518
62,14.3986210423368,4.10812910660262,0.838298316393173,2.98908434755055,5.11446588751556,1.31768659444357,0.178831536808083,0.0550937263337578,0.128083002472551,0.111759120007035,0.0354261671670275,0.066478867478722,0.0937027734039851,1.5955670310396,10.4867071607769,6.70868898695043,3.43098555463833,0.221337195978642,15.9197885739935,6.05102450889264,1.24418326697991,0.264224478983276,1.77506244080723,6.00284594438227,0.199342459172419,2.25201270589888,407.365750232588,20.0938977559209,1.20521108136523,19.6081064378683,10.1923027246218,4.02853888595372,9.84546548289567,17.0662681410687,9.65217423961843,49.615143690613,38.0420670189324,3.42507456681697,5.48834584986932,19.3767751013058,35.3782658482562,10.9339107885163,95.7794596053597,12.7796464918424,9.19397731614657,32.6359401859966,4.7498344861298,18.3690066763914,44.9487374077028,0.840415572742055,5.12840246066196,0.558574871204788,193.331615911125,47.824606152248,315.322266415711,394.311617827393,45.6562124218593,5.02545747187017,25.8626055399479,15.5439213779754,4.80074626023194,61.1098053410023,735.580376834644,5.99685538263596,72.5495330676156,36.7185033038911,39.4842345312431,111.699324804482,37.7208420414403,52.3915906021581,16.7735652259259,1616.52437935456,13878.6229810601,9.24877887565887,39.239257792573,44.8191737544266,91.5217269969962,9.62022178012094,257.458896949547,15.6176582473745
63,25.268672381493,7.42321537597909,1.2962081637392,2.41369712997026,8.92568608065711,2.70845053010476,0.760114874135195,0.253116133267677,0.570241593097342,0.48326780018129,0.118617823132693,0.242449485031006,0.465993596684375,7.05539485319379,11.2738264536376,9.66278564823901,4.74698009436957,1.03032001877214,23.561212430679,8.43854941714759,2.50898209463919,1.2921205969284,3.81474917705,5.0931774181333,0.900302069746066,6.34124249922425,1703.59677266184,129.249769423915,5.19858047402796,92.3445698365504,49.5908424437,6.52435947586633,40.3044965669774,53.4627151800348,28.0030426682446,209.155158504183,168.289975569136,9.129236884548,9.59152658201712,60.3451951165903,75.4511474686941,28.902307240146,239.10040949286,37.0888693627985,35.6001804122208,239.389532383671,16.0487296782712,51.9996724863603,104.285082811837,3.73407291477791,8.27519341040847,2.75535212207011,464.176087662914,181.451327261236,1197.42006151667,24.8918955547493,932.327463410391,89.5497123557798,350.138157993669,75.0499732576895,10.1858177416792,4955.51991371379,123898.936364032,18.7291949164954,766.457539201805,115.921527207468,3508.95889755015,33.6605274975839,22.0731715778694,138.587115774681,25.9984131952858,768.384252077596,253.000740326288,36.4382094714249,56.2998391442358,18.2419907995194,181.192112715601,108.829423901362,1674.89811828188,67.063903319526
64,50.9000684077012,10.7831305996058,6.98848994867546,5.10718529029274,15.3297935753507,5.67730335755268,2.76739833006186,0.923471605868059,1.32193105538776,1.76124058872347,0.435561079023161,0.879958036822839,1.7055662678163,24.4473335037526,36.9967628678032,17.8460097644861,10.9904180741839,3.74135045086229,52.9101698220356,27.8558616805611,14.9167228541419,2.29637854166553,7.55155674309227,10.6771664368103,3.06796533179323,26.1195807343232,764.365334302274,87.5979116081378,14.651853182761,110.115953533305,117.688783066506,31.1042419763275,79.67878732151,70.8461555469358,36.0405101347143,527.072604908845,117.500914217224,9.00256757538013,86.509987890832,86.0645427825899,79.6189214935961,77.3542834624507,225.375767977766,67.8442477778166,62.0308697422704,171.973972136198,34.9787030885842,95.7660974159646,118.688818108611,10.5188405380985,72.2931833171393,10.9858587980053,361.06685153719,259.849745374359,2486.32242060903,181.47566834077,305.819110500138,28.6600725929882,78.588261186389,154.888614518938,55.7669188539987,126.191122218234,278.889073609302,13448.2406745102,3270.27647284936,1286.80815432473,365.427373541382,382.232024403845,149.318753216058,1037.53359085417,42.1895489240357,1753.92971402867,12026.3618655476,194.888426516793,178.279262278976,66.5980547770223,126.081984579528,44.9510452181285,527.333818744214,186.018700634211
65,1766.89538593418,474.626696354156,108.753541585362,133.001182849677,582.86862133134,161.094964485083,26.6177920197421,8.83774401592397,18.3772892959583,16.9389468644831,4.12698693908915,8.44390854798356,16.8457279211884,246.04176364368,1576.10061641733,882.059585844265,455.394266536927,35.953938679051,2495.76949221599,791.872188221224,171.467421331198,36.8980680177505,237.29479309173,179.013724799674,29.4694390867182,314.990266692879,38773.7176663432,2412.09488333343,140.344100450248,2310.16275178375,1469.96294285076,514.409596765166,1295.68830027282,2165.47331813295,1207.40500370454,5030.54126290318,4406.43896245372,337.664608182627,793.478226623306,2320.7965054669,3672.7485830059,1384.77961089232,7266.07261791473,1123.10718769834,905.068275125485,4222.28795451852,562.247065172498,2132.89841647163,5245.24867669857,101.356360849146,761.139060610403,89.7179134155141,16460.7816696835,5564.14741094594,23181.8789377401,1650.87641122244,6787.16349502803,720.356045211554,3886.31577250574,3293.1497519516,720.214375925807,2393.63355485125,5969.16612446001,3566.43152485169,31743.2573779515,19756.5988881876,5600.80254719286,4852.29974075569,2747.95465117104,19078.6273086094,2079.55761430265,22195.6150492324,25056.4335122777,1833.67331741991,1863.55370409225,1722.71461994258,1832.64045569896,483.713168570733,1552.73967535065,2036.82606657909
66,5482.96639241157,1465.98210814766,313.622081289336,396.876064751592,1808.21157443642,485.867318173792,65.5225840016961,21.8372922976777,49.0628848775699,41.6843694304722,10.2959151948379,20.9356653495945,40.1058499491039,608.323799946564,1431.01511417677,1335.92828037896,1287.49481434138,88.8918007737225,5627.82228198556,222.713423843931,470.800797690388,100.735512707635,348.839560257916,490.079708024263,72.9043083603466,840.958126006059,87086.2298130198,4611.74211329229,345.937334504153,6292.04940172583,3782.18687058361,1489.72123697099,3473.05878976935,4859.52818104553,2139.11525684743,12454.9881891238,12869.4166133186,1036.24573386659,2052.76697164114,6080.01387877672,11286.624205825,3911.66198432874,12414.5654970304,3095.45805372041,2342.89575475085,11091.8752977072,1539.53428670708,2334.62450734746,15972.0984081059,251.68041448312,2074.86549083848,337.534218091322,49525.9353410272,15621.2384229458,57674.5223338035,4274.73740962741,15859.3198029095,2085.39725638639,8065.73268639302,6286.57575789137,1250.01458991536,3813.78098150537,2328.33514763782,3454.36919891675,23014.1675568436,98823.4162744125,45898.7636679734,12049.8523153279,9683.7843540826,29058.6928096373,1258.50223546585,41075.5591048033,39947.4561703385,3012.03351642328,4694.5849658597,2718.29439297492,4670.70505381063,1071.13292881868,3181.12626622872,4316.03937042734
67,1249.60620128742,338.292920460309,72.4721999211256,90.9511676708593,411.227882179428,111.068665463005,15.2215472962771,5.11845285441561,11.2756483405855,9.88748528150617,2.38539781295905,5.22506190085846,9.4255973253611,141.103851030767,529.781683260268,388.161276671371,292.238857262503,20.7127632803176,1305.25114227848,218.909311575967,110.27152117464,23.7488649992226,115.632753372652,118.374347688423,17.1106199938772,202.602111806586,19492.3384432716,1163.53177725833,81.2396078878729,1437.23540588483,868.216283143774,339.686485185623,804.163867315424,1216.37352849211,575.350138015216,2893.60341886219,2967.23989055004,239.985636590145,480.933293032391,1437.01651510318,2592.69616444168,903.695565392616,3515.19670327363,728.865225428566,554.744227079709,2541.54126893977,355.857464044579,818.598543305768,7953.23738915514,61.7290067484959,603.758101649792,209.763211793844,29995.0293876468,3613.00611061425,13478.3768826171,993.888177991516,6355.35515998071,1202.62239300427,2278.14640148404,2372.18090920505,321.654807448083,991.371034761656,1332.17968826196,547.520280107514,6115.84996056623,99432.0347837721,48348.5723779585,6108.85430763985,11591.5898203139,8284.66975039192,665.175772085174,19529.4931237462,39215.4452463314,830.980905109061,1414.65811234378,2109.07181277599,1091.72894209823,266.785989675994,791.994702897689,1054.76830274494
68,489.835272275283,130.294076559036,28.7089896453572,35.7155402788532,161.06412021917,44.065475701579,6.17893153084622,2.0966902122689,4.5442550325732,3.99875223681876,1.00738541009691,2.01342023414425,4.01869198418754,56.9551924566859,377.401034183232,223.76821851107,114.814621125442,8.1926498423306,531.820257858875,215.920505599174,43.040328772888,9.14139180933179,65.6078719426487,44.2958102179332,6.78417156085121,77.4584079239558,8898.51583223062,559.184639971489,32.7658462946853,572.52795181829,350.255262621319,135.509856247428,316.985365628157,576.725929094931,324.613960946566,1176.27825666346,1760.51977440054,160.770946683117,194.056451455766,618.003806083297,1004.72036409364,355.126001440689,1937.41991334001,282.195385981639,216.786089104532,1001.76751449968,140.037132626427,561.779367485171,2708.47873428601,23.684642097706,193.912083338919,21.0500562522195,4508.90068445214,1411.56654488214,5445.40173740106,404.138481186341,1973.01611432432,306.162700149193,782.443027821708,1967.98435988538,131.099012504825,388.760117223588,1132.56742480838,201.544191515934,3353.48721734128,9048.05822016941,1635.429773788,137711.588025041,24117.2969382417,10126.5098315984,583.654426500065,10437.0917941046,14154.9871775224,345.983255722088,2857.69788665635,653.403611974417,497.531582896203,109.202787569453,299.052948263483,419.554295390049
69,391.846573073489,104.784083781678,22.4282165161073,28.3687910235551,129.222888286281,35.1570832738849,4.69016717544693,1.56313568138068,3.50953011381444,2.98386217012083,0.739755636366559,1.49881777173567,2.90670674679984,43.5551794651532,103.269439303906,95.8779631668997,92.0097005072532,6.3630380003552,402.311488676156,16.7200484497343,38.6325653793864,8.74901579999439,41.4148276510252,43.1079796662989,5.88680924940354,78.8979486501965,6220.893893851,330.762093219565,57.9811441441663,470.505862944097,270.598292962905,106.52648161012,248.447997715158,347.899417655069,145.502693014863,1488.07947402625,1827.1655154444,205.19145725846,313.307854476451,434.87685668689,806.784960656697,279.770144224033,1535.78981815867,276.227027504303,275.208116227249,962.830925054988,110.128442167828,168.406891352241,1063.75636747468,17.8850457522241,187.552737751566,21.7736749617775,3657.26726309101,1117.26242248107,4130.21223872209,305.971951756269,1263.68367971231,156.993215212156,670.683817871793,613.645815220922,99.0784589391874,368.29677661222,261.590012078502,179.594200836822,2212.79160402899,14121.5594918542,2803.52266056842,15240.0460755247,7494.64969051227,13783.7734640978,91.7764510798218,3878.6770487961,24550.857755493,360.005419839135,763.868024876085,1728.13133235804,627.042413621031,92.7824680352796,386.859445368016,545.714715934199
70,1412.32790930136,122.001530527747,448.54967492394,230.691334257224,333.748120290282,230.140413157497,211.110711014084,70.5314252226848,90.6008647173388,134.362263809277,33.3624860640605,67.1812993562701,129.588713039444,1848.05887886492,894.004697030461,154.371222431755,245.613893303162,285.501509620744,1325.15394322518,1120.6617331785,1073.92009012803,148.370250805013,258.164602152369,676.176375369926,234.354416257447,1860.77545640734,9901.34875206412,4196.97000221629,1115.18108236675,6222.93357454315,8393.0011224732,1939.52069964937,5148.81192455471,2632.66761434673,1133.09461636322,40113.7348042847,3029.25273916014,204.129586600884,6609.37150704246,3756.42620307965,602.288792821374,4698.3042551126,7501.25989637115,4291.53305283961,4192.81304863697,8905.1349984078,2253.59124376519,5008.65086501558,1057.55188517949,800.442855058571,4460.38393467848,708.023796068089,2414.36569273862,13111.4468018248,185734.746685982,13760.4201864809,18727.3224299074,1668.36716263684,1631.72917138133,10273.5347695842,3941.25097838328,6326.86261789117,17337.5937859085,6664.5282578673,75369.6349878808,91465.2477828806,18135.9721197775,28600.0642054873,10789.9107599053,63312.4170957708,7.08823262434771,109936.005024771,9056.52998612013,9285.41463213146,10724.5373709366,4640.21706161812,8459.58751129466,3309.51193860688,2399.24064236331,14461.527948383
71,0,0,0,0,0,0,0,0,0,0,0,0,0,0,0,0,0,0,0,0,0,0,0,0,0,0,0,0,0,0,0,0,0,0,0,0,0,0,0,0,0,0,0,0,0,0,0,0,0,0,0,0,0,0,0,0,0,0,0,0,0,0,0,0,0,0,0,0,0,0,0,0,0,0,0,0,0,0,0,0
72,911.769686624797,454.555288969448,96.265772052787,120.829027785455,548.513777794552,223.575453856451,20.1962759972998,6.70367629473857,15.1505068537779,13.1470284499667,3.53753817284188,6.95447638639804,17.8002896621743,191.63396638553,1309.82593575303,760.979161585682,390.863860592956,28.6163152037218,1819.02747703724,731.780139788382,144.793500344539,36.0562002662193,397.213033961875,311.464364976431,46.9385460482836,262.033936321649,28817.9632241354,1910.13667085687,127.298909254591,1942.06587625905,1173.04189359536,455.215660610194,1108.00355967767,1965.28820031012,1099.20918593165,3883.99328478661,12967.1337551035,540.673197067628,1123.72886357138,2091.2984571032,3525.0281061042,1256.63754369262,19302.4574613085,1560.74256235585,1317.81608513918,5376.33129983207,488.339889100193,1909.59770613384,7060.37086415536,77.4336753153324,5782.77364610546,370.017048733353,54723.0881187225,8713.42935356996,30916.3501612843,1705.52681166388,59401.8049896912,5774.79333578196,31772.1506511257,31790.6272160166,2823.92122437812,18531.8532386894,22895.8159420019,5777.51504054431,117138.245912379,159519.619138302,42121.6213305138,31838.7538600605,32234.1623995589,51364.7759037645,3441.95041029847,280494.5109469,10593.2168298367,1981.71239332712,3702.68169797202,12845.9169904475,10661.353017155,5351.82469003596,4432.73817180615,6362.68089523228
73,19.5894409870354,1.67753244301267,6.24249111602896,3.20695711250438,4.62161623683961,3.19809193079257,2.93925137228051,0.982000529946442,1.26109578554146,1.87070290859098,0.464512957430233,0.935342994979533,1.80427594594815,25.7296288025093,12.3892878916411,2.11304119269672,3.4018552164308,3.97493959665428,18.3683367966294,15.5726763493256,14.9499718139635,2.06491755011664,3.58470874593721,9.40987538548644,3.259335816801,25.9032701473081,136.87031641869,58.3580548716318,15.5262484662341,86.5758276854886,116.83619289325,26.990406788564,71.657944367048,36.570665946055,15.7272341777205,558.486812913602,41.9966495388299,2.82742952691071,92.0209784287648,52.2151571989617,8.22055568957149,65.3769808480214,104.14578039623,59.7226967639635,58.3590965105494,123.857464619445,31.3633416646152,69.6649700552805,14.4877625416384,11.144242038437,250.186113290746,9.85757950814997,32.8274165087924,182.361469158532,2585.83221217674,191.572648079478,260.609278490002,23.1914220379821,22.6127306973367,142.9958021181,54.8729418610092,88.0593316621693,241.266934638456,92.7051875964936,1049.36022816511,1273.40174879825,252.417891513869,398.189414860817,150.223373547054,881.487346514671,0.00245902618050757,1530.18135085417,200553.445048714,129.278237438431,149.297537704197,64.6029216763973,117.726196982532,46.0772023926838,33.3549689941618,191.482558053155
74,173.467668689402,68.5090125648293,15.25315474333,18.7896096811455,84.562477808833,26.470546868562,3.30072674794904,1.15627756966255,2.37342482654643,2.15969459983419,0.653893667157513,1.14181038308445,3.7617831516516,31.6820420932755,206.477559550318,117.315469783629,60.3949257797528,4.67837533174463,279.249129812861,113.824471744832,29.4070940703786,6.74311672821009,95.9064777790709,70.4277664323996,10.3198364461833,42.2943590096638,4669.83893142277,296.300964641909,21.5769505874845,305.186616266128,187.485829151748,71.9639913716403,168.299844012893,304.53116990446,169.858981698676,633.911845987863,2853.36524830477,109.072488648581,219.164429748879,325.121734290248,526.857333802644,188.110852498114,4621.4672263496,275.425132997278,190.009613796355,958.24451407464,75.4474182931139,297.416852341066,1274.06464089122,12.7544456556717,1232.01153293284,77.9392439596727,5219.52719352857,1641.81385760908,5801.9114409995,302.439095550865,5920.54566624573,346.878309719081,2706.5795431688,1873.48874654091,199.677794186582,337.857073328015,772.619510150308,116.648133337044,1680.20623339285,2098.18604020945,677.546173065649,452.429131043609,388.059645032417,2629.96399853335,655.257654675394,16328.2977014161,1865.22528306772,339.065041673541,526.50795902403,1793.84632177649,2275.46340374497,758.357075537756,665.540625011024,863.355100743756
75,210.06849695935,94.3185240026713,20.6592098802794,25.7283874878692,116.491694671806,34.5727375617093,4.40630454966517,1.50957353351983,3.23574188992104,2.85316792377788,0.799481294314807,1.48434948354747,4.17836095698481,41.9123040928656,247.90740691663,149.651432165877,83.0321601295158,6.20858812522373,380.579668349538,133.495605383474,36.129029662055,8.10525413202074,99.6155374739912,75.957019451477,11.2395618646574,56.6307538346915,6345.30994942094,393.142165486579,28.1151055905765,415.417519563347,252.998797412879,97.7002931399145,228.727751558325,402.127304807341,217.849538427192,854.167070888042,2891.75821272656,118.129365100993,243.398113290203,438.624235428716,728.127316297644,256.748021391858,3548.50760285446,320.028883140491,225.193616065062,1117.17963080918,102.53062682438,367.499279051841,1558.51301916481,17.1080149487229,793.780102167062,53.297010857608,6063.25967223958,1527.47655525331,5501.15369327706,337.915328066348,3929.67080968217,258.902555830438,1824.00524523021,1273.7207894096,160.89774133275,330.547544796746,876.109353062357,143.444468991771,1787.44082613906,3187.67178511923,1280.04031161286,630.255845270346,424.577842212174,2355.40977182221,707.78237442932,10495.4379609633,1906.18289887785,317.0731208971,473.257747927266,1108.53198418329,1330.49868442649,422.354142952563,490.815407192327,690.568295882915
76,0.498629101195969,0.149619673536916,0.0785506293012263,0.0622038258337592,0.204327427667688,0.0778125892084296,0.0292413261658008,0.00987698963037681,0.0144553777247687,0.0187296696079675,0.00489761566727336,0.0094894229256794,0.021575828408953,0.261595215502819,0.507426564988481,0.250340502804774,0.146717970388363,0.0399730629234343,0.698716574181268,0.347128690277802,0.168431888260555,0.0260268429405131,0.369161802876176,0.192815004347609,0.0439867363425483,0.336439953399276,10.3717444467983,1.04108721346492,0.163244345503469,1.27634600369126,1.27462935217176,0.351622465668409,0.88810378838539,0.889504731764619,0.460088612083541,5.56957582851094,6.20776688397337,0.244211990678394,1.15630303331796,1.05116225909053,1.11450976078909,0.879188650848337,10.0930980549898,1.02055566698537,0.835203547346635,2.90239963766795,0.392290456212261,1.13033877965822,2.64534379676608,0.111358076039433,2.84391089727147,0.226190801300367,9.06474720369045,10.9369092980861,47.2255252514448,13.618742788612,78.5924403778212,1.39088873764479,5.58555982222641,4.8478296286258,0.821999539549597,1.35213808524424,3.40013090777326,0.947915207157175,11.4435204891499,14.0058982852811,3.29825606471611,3.97192749041476,1.93354520865473,12.0418882873314,1.30178165762284,44.3519467208356,17.2249478661631,6.31167759081613,11.1990864697102,503.067087559389,966.302215918627,115.631615936925,1.58335555889343,3.19892729527516
77,58.5957804277462,16.9880917275051,5.35551970435778,5.54135885530061,21.6754906766208,6.60001302729514,1.73544434102399,0.580721036944325,1.01346255447562,1.10581975536663,0.277457898094401,0.555630234062453,1.12269804271529,15.6754875167626,28.9915572356301,28.1287486047821,15.0715292675365,2.35443365223486,70.877182974195,21.9128108488842,9.81775655950602,1.93454446412545,6.56066691582079,10.2188398527942,2.12225005141159,17.807580892178,2908.95754894435,191.914648619647,15.4092761812165,116.171633616009,85.5765228828361,24.7325987869693,66.4108745761716,88.6882921157632,47.939022130748,716.551062417184,337.971110742836,30.3156570328186,54.5710374502743,125.078707624836,205.479357568351,68.4086710887012,712.76363662138,139.33035249334,92.7785236237095,268.580180910262,36.7028388723709,127.381989639328,245.192991827713,10.9861389983006,67.4447914830002,7.92338036147754,1591.94091425673,285.29369390524,5067.90382321814,148.053037830799,457.274033318611,57.2437458155701,164.896842089721,161.005144794752,52.8174007843426,227.8385593827,1266.12948448998,69.9897414462746,574.534444214541,720.692870631709,202.749390835349,220.569590859309,91.1030560383089,543.099321563877,65.6594308114153,1536.48490624701,635.87507217333,86.0401459736433,118.376605517634,96.0622496851488,8135.67075100435,50.1116183318213,137.960686026473,224.754552246475
78,3.75271350266744,1.14145974247019,0.246856569928733,0.306224587107659,1.40884683755393,0.379918243771168,0.0522337816649835,0.0174059126260089,0.0387266248516035,0.0332138568117614,0.00821843011394219,0.0166900590001239,0.0327548307873592,0.484684277681378,1.54943557155281,1.95581066371617,1.00320730250156,0.070770967881204,4.63972862279596,1.09890289401472,0.378772366792624,0.0810915885939882,0.260569311173101,0.406461233577035,0.060773088991416,0.688775276318979,203.064499470509,11.8471648837249,0.784253822242402,5.28448743250561,2.99431685980574,1.17323126162773,2.73181708345224,5.02858983673513,2.8322233012933,42.2156314500737,17.9915760200763,2.12617409682699,1.67497108628499,7.60497597803158,15.0239693288969,3.2742521491572,43.1713916048886,9.18784943047322,5.39318972585097,12.9467589132006,1.891547455861,7.58712039608507,29.4237057162637,0.575201290625073,1.24137220942192,0.619600783337428,174.266811221759,12.4905249115862,335.750694899964,6.74164921537907,24.2692577553715,5.6049993169978,7.03927106497408,7.51407268742402,2.49211144342174,15.22997807512,94.601017044654,3.17107011849319,17.3460681324522,273.998395639502,133.558371940979,8.28665666874665,24.5471820552993,19.731620319285,3.68146979735202,64.6940367926838,108.828044959325,2.74964720780652,313.046518943082,5.97860859668159,1830.48639431403,246.189727200143,8.27010712686547,11.1171651832913
79,137.008054401163,44.8340813097892,9.27954454853495,10.4991020614299,45.6353399290752,12.5567134887415,2.36353367000215,0.781211541288283,1.53014639945847,1.49791710436254,0.353010526630735,0.789635434015838,1.43303563282135,21.5333146100335,106.321082936575,61.5083833144074,32.2048743046688,3.23767633871259,148.975143988472,62.4598427986539,15.4129517275169,2.97440369315162,18.7649138950177,20.3545312821157,2.61872761675559,27.7452562669008,1660.85083831319,167.062846024822,12.5958785232369,187.810151088854,126.152312595069,43.1451186448044,130.119624862432,165.303522283366,91.9111102651757,470.098187262695,323.049924704393,68.1605680920041,96.3516906579292,179.575579774653,366.65915914887,137.380893811965,727.718173536418,154.197907534489,164.458736591958,444.43291248848,55.9223430819215,181.034756660222,394.291195359822,8.97295721395422,67.8668309381722,8.07888836214539,1344.93260757662,2070.48625199107,7161.52287233817,307.026982105983,624.950423603649,42.5612249268955,395.086985425487,202.337363506631,76.7439894193062,264.309000633585,4109.47448072167,221.511605265266,817.330811000353,1692.93221861527,569.231725706577,320.729711572057,145.694425188697,721.816827543125,157.747293625209,1652.07310644885,819.348387381444,105.004938632184,147.490593471913,55.2063443829137,149.749435773042,40.1806080812291,16572.0840339996,156.121200387446
80,19.4727082594886,22.558464907311,4.72151648497428,6.87235484347269,27.6916245850102,8.60641305824195,1.21554573554282,0.129327651644437,0.685864962815391,0.887223800755171,0.0610977547708087,0.123332828169222,0.239556460117129,10.772183729587,57.4282974435456,37.5554485044018,19.8260797297019,0.523745136465844,88.1944839400953,33.928378500821,7.11828980200092,1.84227404081912,9.83258334602551,8.17368645971629,1.45996293555902,13.8860190365638,2270.89442074468,145.069531965148,8.10700315874868,117.0595091143,67.3580923058059,26.5621200406553,59.2367551137194,114.227265252744,58.3524253863003,367.231925672221,258.750347875512,121.815064492182,86.2339117364189,126.605903060186,196.270525293061,55.7948844309927,823.611610571419,112.512202650979,217.707193063743,492.081027451718,27.0943651600598,102.531657589009,263.609681079747,5.60125285378474,70.5259953230571,6.8328465401709,1952.79234654081,297.356931446779,1988.1185859133,81.0518205156349,344.127470662175,33.3865117053519,165.530013499923,117.820948063849,28.4307194271099,1280.21648007921,1575.9994780578,422.499339433486,456.207125213382,1029.19766377314,671.581967411179,346.078088102941,364.702924762862,609.653191706847,94.0157461293218,4232.03563485421,289.923436893545,1058.84614177837,2452.59949177688,502.055770204978,907.461440560595,140.05875963399,504.452842457871,12998.3255048617
